-- phpMyAdmin SQL Dump
-- version 3.3.9
-- http://www.phpmyadmin.net
--
-- Host: 127.0.0.1
-- Waktu pembuatan: 16. Maret 2013 jam 09:32
-- Versi Server: 5.5.8
-- Versi PHP: 5.3.5

SET SQL_MODE="NO_AUTO_VALUE_ON_ZERO";

--
-- Database: `db_raporsiswa_v01`
--

-- --------------------------------------------------------

--
-- Struktur dari tabel `absen`
--

CREATE TABLE IF NOT EXISTS `absen` (
  `id` int(11) NOT NULL AUTO_INCREMENT,
  `id_tahun_ajaran` int(11) NOT NULL,
  `tanggal` date NOT NULL,
  PRIMARY KEY (`id`),
  UNIQUE KEY `tanggal` (`tanggal`),
  KEY `id_tahun_ajaran` (`id_tahun_ajaran`)
) ENGINE=InnoDB  DEFAULT CHARSET=latin1 AUTO_INCREMENT=11 ;

--
-- Dumping data untuk tabel `absen`
--

INSERT INTO `absen` (`id`, `id_tahun_ajaran`, `tanggal`) VALUES
(8, 7, '2013-02-10'),
(9, 7, '2013-03-10'),
(10, 7, '2013-03-16');

-- --------------------------------------------------------

--
-- Struktur dari tabel `absen_siswa`
--

CREATE TABLE IF NOT EXISTS `absen_siswa` (
  `id_absen` int(11) NOT NULL,
  `id_rapor` int(11) NOT NULL,
  `absen` enum('masuk','sakit','ijin','alpha') NOT NULL,
  PRIMARY KEY (`id_absen`,`id_rapor`),
  KEY `id_rapor` (`id_rapor`)
) ENGINE=InnoDB DEFAULT CHARSET=latin1;

--
-- Dumping data untuk tabel `absen_siswa`
--

INSERT INTO `absen_siswa` (`id_absen`, `id_rapor`, `absen`) VALUES
(8, 18, 'sakit'),
(9, 18, 'ijin'),
(10, 18, 'sakit');

-- --------------------------------------------------------

--
-- Struktur dari tabel `administrator`
--

CREATE TABLE IF NOT EXISTS `administrator` (
  `id` int(11) NOT NULL,
  `nama` varchar(32) DEFAULT NULL,
  `alamat` varchar(100) DEFAULT NULL,
  `keterangan` varchar(50) DEFAULT NULL,
  `id_user` int(11) NOT NULL,
  PRIMARY KEY (`id`),
  KEY `FKadministra228622` (`id_user`)
) ENGINE=InnoDB DEFAULT CHARSET=latin1;

--
-- Dumping data untuk tabel `administrator`
--


-- --------------------------------------------------------

--
-- Struktur dari tabel `agama`
--

CREATE TABLE IF NOT EXISTS `agama` (
  `id` int(11) NOT NULL AUTO_INCREMENT,
  `nama` varchar(20) DEFAULT NULL,
  PRIMARY KEY (`id`)
) ENGINE=InnoDB  DEFAULT CHARSET=latin1 AUTO_INCREMENT=9 ;

--
-- Dumping data untuk tabel `agama`
--

INSERT INTO `agama` (`id`, `nama`) VALUES
(1, 'Islam'),
(5, 'Hindu'),
(6, 'Protestan'),
(7, 'Katolik'),
(8, 'Budha');

-- --------------------------------------------------------

--
-- Struktur dari tabel `daemons`
--

CREATE TABLE IF NOT EXISTS `daemons` (
  `Start` text NOT NULL,
  `Info` text NOT NULL
) ENGINE=MyISAM DEFAULT CHARSET=utf8;

--
-- Dumping data untuk tabel `daemons`
--


-- --------------------------------------------------------

--
-- Struktur dari tabel `ekstrakurikuler`
--

CREATE TABLE IF NOT EXISTS `ekstrakurikuler` (
  `id` int(10) NOT NULL AUTO_INCREMENT,
  `deskripsi` varchar(50) DEFAULT NULL,
  `nama` varchar(25) DEFAULT NULL,
  PRIMARY KEY (`id`)
) ENGINE=InnoDB  DEFAULT CHARSET=latin1 AUTO_INCREMENT=4 ;

--
-- Dumping data untuk tabel `ekstrakurikuler`
--

INSERT INTO `ekstrakurikuler` (`id`, `deskripsi`, `nama`) VALUES
(1, 'l;kjsdl;asd', 'Pramuka'),
(2, 'aaslkdjsla saldsa', 'tess'),
(3, 'KJSDFHK', 'KJHSDKF');

-- --------------------------------------------------------

--
-- Struktur dari tabel `gammu`
--

CREATE TABLE IF NOT EXISTS `gammu` (
  `Version` int(11) NOT NULL DEFAULT '0'
) ENGINE=MyISAM DEFAULT CHARSET=utf8;

--
-- Dumping data untuk tabel `gammu`
--

INSERT INTO `gammu` (`Version`) VALUES
(13);

-- --------------------------------------------------------

--
-- Struktur dari tabel `guru`
--

CREATE TABLE IF NOT EXISTS `guru` (
  `id` int(10) NOT NULL AUTO_INCREMENT,
  `id_user` int(11) DEFAULT NULL,
  `nip` varchar(10) NOT NULL,
  `nama` varchar(32) DEFAULT NULL,
  `alamat` varchar(50) DEFAULT NULL,
  `catatan` varchar(50) DEFAULT NULL,
  `id_jenjang_pendidikan` int(11) NOT NULL,
  `instansi_pendidikan_terakhir` varchar(20) DEFAULT NULL,
  `jurusan_pendidikan_terakhir` varchar(20) DEFAULT NULL,
  `is_pegawai_tetap` tinyint(1) DEFAULT NULL,
  `tahunLulus` int(10) NOT NULL,
  `id_agama` int(11) DEFAULT NULL,
  PRIMARY KEY (`id`),
  UNIQUE KEY `nip_guru` (`nip`),
  KEY `FKguru3226` (`id_agama`),
  KEY `id_user` (`id_user`),
  KEY `id_jenjang_pendidikan_terakhir` (`id_jenjang_pendidikan`)
) ENGINE=InnoDB  DEFAULT CHARSET=latin1 AUTO_INCREMENT=18 ;

--
-- Dumping data untuk tabel `guru`
--

INSERT INTO `guru` (`id`, `id_user`, `nip`, `nama`, `alamat`, `catatan`, `id_jenjang_pendidikan`, `instansi_pendidikan_terakhir`, `jurusan_pendidikan_terakhir`, `is_pegawai_tetap`, `tahunLulus`, `id_agama`) VALUES
(2, 1, '001', 'Fendi Tri Cahyono', 'yogyakarta', 'asdasd', 5, 'UGM', 'Ilmu Komputer', 1, 2015, 1),
(4, NULL, '002', 'Siti Aminah', NULL, NULL, 2, NULL, NULL, NULL, 2011, 1),
(5, NULL, '003', 'Roni Mahindra', 'Pacitan', NULL, 3, NULL, NULL, NULL, 0, 1),
(7, NULL, '004', 'Muhammad Habibi', 'Pacitan', NULL, 3, NULL, NULL, NULL, 2011, 1),
(14, 2, '005', 'Heri Widiyantoro', 'Punung Pacitan', 'asdjasd', 5, 'UMS', 'Pendidikan Fisika', 1, 2013, 1),
(17, 3, '006', 'Tuiman', 'pacitan', '', 4, 'Pacitan', 'Ilmu Komputer', 1, 1988, 1);

-- --------------------------------------------------------

--
-- Struktur dari tabel `inbox`
--

CREATE TABLE IF NOT EXISTS `inbox` (
  `UpdatedInDB` timestamp NOT NULL DEFAULT CURRENT_TIMESTAMP ON UPDATE CURRENT_TIMESTAMP,
  `ReceivingDateTime` timestamp NOT NULL DEFAULT '0000-00-00 00:00:00',
  `Text` text NOT NULL,
  `SenderNumber` varchar(20) NOT NULL DEFAULT '',
  `Coding` enum('Default_No_Compression','Unicode_No_Compression','8bit','Default_Compression','Unicode_Compression') NOT NULL DEFAULT 'Default_No_Compression',
  `UDH` text NOT NULL,
  `SMSCNumber` varchar(20) NOT NULL DEFAULT '',
  `Class` int(11) NOT NULL DEFAULT '-1',
  `TextDecoded` text NOT NULL,
  `ID` int(10) unsigned NOT NULL AUTO_INCREMENT,
  `RecipientID` text NOT NULL,
  `Processed` enum('false','true') NOT NULL DEFAULT 'false',
  PRIMARY KEY (`ID`)
) ENGINE=MyISAM  DEFAULT CHARSET=utf8 AUTO_INCREMENT=9 ;

--
-- Dumping data untuk tabel `inbox`
--

INSERT INTO `inbox` (`UpdatedInDB`, `ReceivingDateTime`, `Text`, `SenderNumber`, `Coding`, `UDH`, `SMSCNumber`, `Class`, `TextDecoded`, `ID`, `RecipientID`, `Processed`) VALUES
('2013-03-15 07:12:49', '2013-03-15 06:45:14', '0041006200730065006E0023003000300038002300300033', '+6285726457243', 'Default_No_Compression', '', '+62855000000', -1, 'Absen#0008#03', 1, 'phone1', 'true'),
('2013-03-15 07:19:23', '2013-03-15 07:10:08', '0041006200730065006E0023003000300038', '+6285726457243', 'Default_No_Compression', '', '+62855000000', -1, 'Absen#0008', 2, 'phone1', 'true'),
('2013-03-15 07:19:24', '2013-03-15 07:14:42', '0041006200730065006E0023007400670067', '+6285726457243', 'Default_No_Compression', '', '+62855000000', -1, 'Absen#tgg', 3, 'phone1', 'true'),
('2013-03-15 07:19:25', '2013-03-15 07:18:43', '004700660064', '+6285726457243', 'Default_No_Compression', '', '+62855000000', -1, 'Gfd', 4, 'phone1', 'true'),
('2013-03-16 09:06:22', '2013-03-16 09:06:32', '005400650073', '+6285726457243', 'Default_No_Compression', '', '+62816124', -1, 'Tes', 5, 'phone1', 'true'),
('2013-03-16 09:09:05', '2013-03-16 09:09:16', '0041006200730065006E00230030003000300038', '+6285726457243', 'Default_No_Compression', '', '+62816124', -1, 'Absen#0008', 6, 'phone1', 'true'),
('2013-03-16 09:09:54', '2013-03-16 09:10:04', '0041006200730065006E0023003000300030003800230033', '+6285726457243', 'Default_No_Compression', '', '+62816124', -1, 'Absen#0008#3', 7, 'phone1', 'true'),
('2013-03-16 15:09:35', '2013-03-16 15:09:44', '0041006200730065006E00230030003000300038', '+6285233903622', 'Default_No_Compression', '', '+6281100000', -1, 'Absen#0008', 8, 'phone1', 'true');

--
-- Trigger `inbox`
--
DROP TRIGGER IF EXISTS `inbox_timestamp`;
DELIMITER //
CREATE TRIGGER `inbox_timestamp` BEFORE INSERT ON `inbox`
 FOR EACH ROW BEGIN
    IF NEW.ReceivingDateTime = '0000-00-00 00:00:00' THEN
        SET NEW.ReceivingDateTime = CURRENT_TIMESTAMP();
    END IF;
END
//
DELIMITER ;

-- --------------------------------------------------------

--
-- Struktur dari tabel `jenjang_pendidikan`
--

CREATE TABLE IF NOT EXISTS `jenjang_pendidikan` (
  `id` int(10) NOT NULL AUTO_INCREMENT,
  `nama` varchar(25) DEFAULT NULL,
  PRIMARY KEY (`id`)
) ENGINE=InnoDB  DEFAULT CHARSET=latin1 AUTO_INCREMENT=7 ;

--
-- Dumping data untuk tabel `jenjang_pendidikan`
--

INSERT INTO `jenjang_pendidikan` (`id`, `nama`) VALUES
(1, 'SD'),
(2, 'SMP'),
(3, 'SMA'),
(4, 'S1'),
(5, 'S2'),
(6, 'S3');

-- --------------------------------------------------------

--
-- Struktur dari tabel `jurusan`
--

CREATE TABLE IF NOT EXISTS `jurusan` (
  `id` int(10) NOT NULL,
  `nama` varchar(32) DEFAULT NULL,
  `deskripsi` varchar(50) DEFAULT NULL,
  PRIMARY KEY (`id`)
) ENGINE=InnoDB DEFAULT CHARSET=latin1;

--
-- Dumping data untuk tabel `jurusan`
--


-- --------------------------------------------------------

--
-- Struktur dari tabel `kategori_mapel`
--

CREATE TABLE IF NOT EXISTS `kategori_mapel` (
  `id` int(10) NOT NULL AUTO_INCREMENT,
  `nama` varchar(32) DEFAULT NULL,
  `id_kurikulum` int(10) DEFAULT NULL,
  `id_kategori_parent` int(10) DEFAULT NULL,
  PRIMARY KEY (`id`),
  KEY `FK6BF736BD4EAE4B98` (`id_kategori_parent`),
  KEY `FK6BF736BD19BB081F` (`id_kurikulum`)
) ENGINE=InnoDB  DEFAULT CHARSET=latin1 AUTO_INCREMENT=13 ;

--
-- Dumping data untuk tabel `kategori_mapel`
--

INSERT INTO `kategori_mapel` (`id`, `nama`, `id_kurikulum`, `id_kategori_parent`) VALUES
(1, 'Wajib', 3, NULL),
(2, 'Sains', 3, 1),
(5, 'Muatan Lokal', 3, NULL),
(7, 'Agama', 3, NULL),
(8, 'Tauhid', 3, 7),
(9, 'Sosial', 3, 1),
(10, 'Umum', 3, 1),
(11, 'IPA', 4, NULL),
(12, 'IPS', 4, NULL);

-- --------------------------------------------------------

--
-- Struktur dari tabel `kategori_mapel_ref`
--

CREATE TABLE IF NOT EXISTS `kategori_mapel_ref` (
  `id_kategori` int(10) NOT NULL,
  `id_mapel` int(11) NOT NULL,
  `id_kurikulum` int(11) NOT NULL,
  PRIMARY KEY (`id_kategori`,`id_mapel`,`id_kurikulum`),
  UNIQUE KEY `kategori_id` (`id_kategori`,`id_mapel`),
  KEY `FK28DD703E969C045F` (`id_kategori`),
  KEY `FK28DD703E88DB2322` (`id_mapel`),
  KEY `id_kurikulum` (`id_kurikulum`)
) ENGINE=InnoDB DEFAULT CHARSET=latin1;

--
-- Dumping data untuk tabel `kategori_mapel_ref`
--

INSERT INTO `kategori_mapel_ref` (`id_kategori`, `id_mapel`, `id_kurikulum`) VALUES
(2, 1, 3),
(2, 4, 3),
(9, 5, 3),
(10, 2, 3),
(10, 3, 3),
(11, 1, 4),
(11, 2, 4),
(11, 3, 4);

-- --------------------------------------------------------

--
-- Struktur dari tabel `kelas`
--

CREATE TABLE IF NOT EXISTS `kelas` (
  `id` int(11) NOT NULL AUTO_INCREMENT,
  `id_jurusan` int(10) DEFAULT NULL,
  `id_kurikulum` int(10) DEFAULT NULL,
  `id_semester` int(10) DEFAULT NULL,
  `id_tingkat_kelas` int(10) DEFAULT NULL,
  PRIMARY KEY (`id`),
  UNIQUE KEY `kurikulum` (`id_kurikulum`,`id_semester`,`id_jurusan`,`id_tingkat_kelas`),
  UNIQUE KEY `id_jurusan` (`id_jurusan`,`id_kurikulum`,`id_semester`,`id_tingkat_kelas`),
  KEY `FK4506DE4F69C796E` (`id_jurusan`),
  KEY `FK4506DE4EA545C40` (`id_kurikulum`),
  KEY `FK4506DE430F77624` (`id_semester`),
  KEY `FK4506DE4A53E543A` (`id_tingkat_kelas`)
) ENGINE=InnoDB  DEFAULT CHARSET=latin1 AUTO_INCREMENT=3413 ;

--
-- Dumping data untuk tabel `kelas`
--

INSERT INTO `kelas` (`id`, `id_jurusan`, `id_kurikulum`, `id_semester`, `id_tingkat_kelas`) VALUES
(1877, NULL, 3, NULL, 1),
(1878, NULL, 3, NULL, 1),
(1879, NULL, 3, NULL, 1),
(1880, NULL, 3, NULL, 1),
(1881, NULL, 3, NULL, 1),
(1882, NULL, 3, NULL, 1),
(1883, NULL, 3, NULL, 1),
(1884, NULL, 3, NULL, 1),
(1885, NULL, 3, NULL, 1),
(1886, NULL, 3, NULL, 1),
(1887, NULL, 3, NULL, 1),
(1888, NULL, 3, NULL, 1),
(1889, NULL, 3, NULL, 1),
(1890, NULL, 3, NULL, 1),
(1891, NULL, 3, NULL, 1),
(1892, NULL, 3, NULL, 1),
(1893, NULL, 3, NULL, 1),
(1894, NULL, 3, NULL, 1),
(1895, NULL, 3, NULL, 1),
(1896, NULL, 3, NULL, 1),
(1897, NULL, 3, NULL, 1),
(1898, NULL, 3, NULL, 1),
(1899, NULL, 3, NULL, 1),
(1900, NULL, 3, NULL, 1),
(1901, NULL, 3, NULL, 1),
(1902, NULL, 3, NULL, 1),
(1903, NULL, 3, NULL, 1),
(1904, NULL, 3, NULL, 1),
(1905, NULL, 3, NULL, 1),
(1906, NULL, 3, NULL, 1),
(1907, NULL, 3, NULL, 1),
(1908, NULL, 3, NULL, 1),
(1909, NULL, 3, NULL, 1),
(1910, NULL, 3, NULL, 1),
(1911, NULL, 3, NULL, 1),
(1912, NULL, 3, NULL, 1),
(1913, NULL, 3, NULL, 1),
(1914, NULL, 3, NULL, 1),
(1915, NULL, 3, NULL, 1),
(1916, NULL, 3, NULL, 1),
(1917, NULL, 3, NULL, 1),
(1918, NULL, 3, NULL, 1),
(1919, NULL, 3, NULL, 1),
(1920, NULL, 3, NULL, 1),
(1921, NULL, 3, NULL, 1),
(1922, NULL, 3, NULL, 1),
(1923, NULL, 3, NULL, 1),
(1924, NULL, 3, NULL, 1),
(1925, NULL, 3, NULL, 1),
(1926, NULL, 3, NULL, 1),
(1927, NULL, 3, NULL, 1),
(1928, NULL, 3, NULL, 1),
(1929, NULL, 3, NULL, 1),
(1930, NULL, 3, NULL, 1),
(1931, NULL, 3, NULL, 1),
(1932, NULL, 3, NULL, 1),
(1933, NULL, 3, NULL, 1),
(1934, NULL, 3, NULL, 1),
(1935, NULL, 3, NULL, 1),
(1936, NULL, 3, NULL, 1),
(1937, NULL, 3, NULL, 1),
(1938, NULL, 3, NULL, 1),
(1939, NULL, 3, NULL, 1),
(1940, NULL, 3, NULL, 1),
(1941, NULL, 3, NULL, 1),
(1942, NULL, 3, NULL, 1),
(1943, NULL, 3, NULL, 1),
(1944, NULL, 3, NULL, 1),
(1945, NULL, 3, NULL, 1),
(1946, NULL, 3, NULL, 1),
(1947, NULL, 3, NULL, 1),
(1948, NULL, 3, NULL, 1),
(1949, NULL, 3, NULL, 1),
(1950, NULL, 3, NULL, 1),
(1951, NULL, 3, NULL, 1),
(1952, NULL, 3, NULL, 1),
(1953, NULL, 3, NULL, 1),
(1954, NULL, 3, NULL, 1),
(1955, NULL, 3, NULL, 1),
(1956, NULL, 3, NULL, 1),
(1957, NULL, 3, NULL, 1),
(1958, NULL, 3, NULL, 1),
(1959, NULL, 3, NULL, 1),
(1960, NULL, 3, NULL, 1),
(1961, NULL, 3, NULL, 1),
(1962, NULL, 3, NULL, 1),
(1963, NULL, 3, NULL, 1),
(1964, NULL, 3, NULL, 1),
(1965, NULL, 3, NULL, 1),
(1966, NULL, 3, NULL, 1),
(1967, NULL, 3, NULL, 1),
(1968, NULL, 3, NULL, 1),
(1969, NULL, 3, NULL, 1),
(1970, NULL, 3, NULL, 1),
(1971, NULL, 3, NULL, 1),
(1972, NULL, 3, NULL, 1),
(1973, NULL, 3, NULL, 1),
(1974, NULL, 3, NULL, 1),
(1975, NULL, 3, NULL, 1),
(1976, NULL, 3, NULL, 1),
(1977, NULL, 3, NULL, 1),
(1978, NULL, 3, NULL, 1),
(1979, NULL, 3, NULL, 1),
(1980, NULL, 3, NULL, 1),
(1981, NULL, 3, NULL, 1),
(1982, NULL, 3, NULL, 1),
(1983, NULL, 3, NULL, 1),
(1984, NULL, 3, NULL, 1),
(1985, NULL, 3, NULL, 1),
(1986, NULL, 3, NULL, 1),
(1987, NULL, 3, NULL, 1),
(1988, NULL, 3, NULL, 1),
(1989, NULL, 3, NULL, 1),
(1990, NULL, 3, NULL, 1),
(1991, NULL, 3, NULL, 1),
(1992, NULL, 3, NULL, 1),
(1993, NULL, 3, NULL, 1),
(1994, NULL, 3, NULL, 1),
(1995, NULL, 3, NULL, 1),
(1996, NULL, 3, NULL, 1),
(1997, NULL, 3, NULL, 1),
(1998, NULL, 3, NULL, 1),
(1999, NULL, 3, NULL, 1),
(2000, NULL, 3, NULL, 1),
(2001, NULL, 3, NULL, 1),
(2002, NULL, 3, NULL, 1),
(2003, NULL, 3, NULL, 1),
(2004, NULL, 3, NULL, 1),
(2005, NULL, 3, NULL, 1),
(2006, NULL, 3, NULL, 1),
(2007, NULL, 3, NULL, 1),
(2008, NULL, 3, NULL, 1),
(2009, NULL, 3, NULL, 1),
(2010, NULL, 3, NULL, 1),
(2011, NULL, 3, NULL, 1),
(2012, NULL, 3, NULL, 1),
(2013, NULL, 3, NULL, 1),
(2014, NULL, 3, NULL, 1),
(2015, NULL, 3, NULL, 1),
(2016, NULL, 3, NULL, 1),
(2017, NULL, 3, NULL, 1),
(2018, NULL, 3, NULL, 1),
(2019, NULL, 3, NULL, 1),
(2020, NULL, 3, NULL, 1),
(2021, NULL, 3, NULL, 1),
(2022, NULL, 3, NULL, 1),
(2023, NULL, 3, NULL, 1),
(2024, NULL, 3, NULL, 1),
(2025, NULL, 3, NULL, 1),
(2026, NULL, 3, NULL, 1),
(2027, NULL, 3, NULL, 1),
(2028, NULL, 3, NULL, 1),
(2029, NULL, 3, NULL, 1),
(2030, NULL, 3, NULL, 1),
(2031, NULL, 3, NULL, 1),
(2032, NULL, 3, NULL, 1),
(2033, NULL, 3, NULL, 1),
(2034, NULL, 3, NULL, 1),
(2035, NULL, 3, NULL, 1),
(2036, NULL, 3, NULL, 1),
(2037, NULL, 3, NULL, 1),
(2038, NULL, 3, NULL, 1),
(2039, NULL, 3, NULL, 1),
(2040, NULL, 3, NULL, 1),
(2041, NULL, 3, NULL, 1),
(2042, NULL, 3, NULL, 1),
(2043, NULL, 3, NULL, 1),
(2044, NULL, 3, NULL, 1),
(2045, NULL, 3, NULL, 1),
(2046, NULL, 3, NULL, 1),
(2047, NULL, 3, NULL, 1),
(2048, NULL, 3, NULL, 1),
(2049, NULL, 3, NULL, 1),
(2050, NULL, 3, NULL, 1),
(2051, NULL, 3, NULL, 1),
(2052, NULL, 3, NULL, 1),
(2053, NULL, 3, NULL, 1),
(2054, NULL, 3, NULL, 1),
(2055, NULL, 3, NULL, 1),
(2056, NULL, 3, NULL, 1),
(2057, NULL, 3, NULL, 1),
(2058, NULL, 3, NULL, 1),
(2059, NULL, 3, NULL, 1),
(2060, NULL, 3, NULL, 1),
(2061, NULL, 3, NULL, 1),
(2062, NULL, 3, NULL, 1),
(2063, NULL, 3, NULL, 1),
(2064, NULL, 3, NULL, 1),
(2065, NULL, 3, NULL, 1),
(2066, NULL, 3, NULL, 1),
(2067, NULL, 3, NULL, 1),
(2068, NULL, 3, NULL, 1),
(2069, NULL, 3, NULL, 1),
(2070, NULL, 3, NULL, 1),
(2071, NULL, 3, NULL, 1),
(2072, NULL, 3, NULL, 1),
(2073, NULL, 3, NULL, 1),
(2074, NULL, 3, NULL, 1),
(2075, NULL, 3, NULL, 1),
(2076, NULL, 3, NULL, 1),
(2077, NULL, 3, NULL, 1),
(2078, NULL, 3, NULL, 1),
(2079, NULL, 3, NULL, 1),
(2080, NULL, 3, NULL, 1),
(2081, NULL, 3, NULL, 1),
(2082, NULL, 3, NULL, 1),
(2083, NULL, 3, NULL, 1),
(2084, NULL, 3, NULL, 1),
(2085, NULL, 3, NULL, 1),
(2086, NULL, 3, NULL, 1),
(2087, NULL, 3, NULL, 1),
(2088, NULL, 3, NULL, 1),
(2089, NULL, 3, NULL, 1),
(2090, NULL, 3, NULL, 1),
(2091, NULL, 3, NULL, 1),
(2092, NULL, 3, NULL, 1),
(2093, NULL, 3, NULL, 1),
(2094, NULL, 3, NULL, 1),
(2095, NULL, 3, NULL, 1),
(2096, NULL, 3, NULL, 1),
(2097, NULL, 3, NULL, 1),
(2098, NULL, 3, NULL, 1),
(2099, NULL, 3, NULL, 1),
(2100, NULL, 3, NULL, 1),
(2101, NULL, 3, NULL, 1),
(2102, NULL, 3, NULL, 1),
(2103, NULL, 3, NULL, 1),
(2104, NULL, 3, NULL, 1),
(2105, NULL, 3, NULL, 1),
(2106, NULL, 3, NULL, 1),
(2107, NULL, 3, NULL, 1),
(2108, NULL, 3, NULL, 1),
(2109, NULL, 3, NULL, 1),
(2110, NULL, 3, NULL, 1),
(2111, NULL, 3, NULL, 1),
(2112, NULL, 3, NULL, 1),
(2113, NULL, 3, NULL, 1),
(2114, NULL, 3, NULL, 1),
(2115, NULL, 3, NULL, 1),
(2116, NULL, 3, NULL, 1),
(2117, NULL, 3, NULL, 1),
(2118, NULL, 3, NULL, 1),
(2119, NULL, 3, NULL, 1),
(2120, NULL, 3, NULL, 1),
(2121, NULL, 3, NULL, 1),
(2122, NULL, 3, NULL, 1),
(2123, NULL, 3, NULL, 1),
(2124, NULL, 3, NULL, 1),
(2125, NULL, 3, NULL, 1),
(2126, NULL, 3, NULL, 1),
(2127, NULL, 3, NULL, 1),
(2128, NULL, 3, NULL, 1),
(2129, NULL, 3, NULL, 1),
(2130, NULL, 3, NULL, 1),
(2131, NULL, 3, NULL, 1),
(2132, NULL, 3, NULL, 1),
(2133, NULL, 3, NULL, 1),
(2134, NULL, 3, NULL, 1),
(2135, NULL, 3, NULL, 1),
(2136, NULL, 3, NULL, 1),
(2137, NULL, 3, NULL, 1),
(2138, NULL, 3, NULL, 1),
(2139, NULL, 3, NULL, 1),
(2140, NULL, 3, NULL, 1),
(2141, NULL, 3, NULL, 1),
(2142, NULL, 3, NULL, 1),
(2143, NULL, 3, NULL, 1),
(2144, NULL, 3, NULL, 1),
(2145, NULL, 3, NULL, 1),
(2146, NULL, 3, NULL, 1),
(2147, NULL, 3, NULL, 1),
(2148, NULL, 3, NULL, 1),
(2149, NULL, 3, NULL, 1),
(2150, NULL, 3, NULL, 1),
(2151, NULL, 3, NULL, 1),
(2152, NULL, 3, NULL, 1),
(2153, NULL, 3, NULL, 1),
(2154, NULL, 3, NULL, 1),
(2155, NULL, 3, NULL, 1),
(2156, NULL, 3, NULL, 1),
(2157, NULL, 3, NULL, 1),
(2158, NULL, 3, NULL, 1),
(2159, NULL, 3, NULL, 1),
(2160, NULL, 3, NULL, 1),
(2161, NULL, 3, NULL, 1),
(2162, NULL, 3, NULL, 1),
(2163, NULL, 3, NULL, 1),
(2164, NULL, 3, NULL, 1),
(2165, NULL, 3, NULL, 1),
(2166, NULL, 3, NULL, 1),
(2167, NULL, 3, NULL, 1),
(2168, NULL, 3, NULL, 1),
(2169, NULL, 3, NULL, 1),
(2170, NULL, 3, NULL, 1),
(2171, NULL, 3, NULL, 1),
(2172, NULL, 3, NULL, 1),
(2173, NULL, 3, NULL, 1),
(2174, NULL, 3, NULL, 1),
(2175, NULL, 3, NULL, 1),
(2176, NULL, 3, NULL, 1),
(2177, NULL, 3, NULL, 1),
(2178, NULL, 3, NULL, 1),
(2179, NULL, 3, NULL, 1),
(2180, NULL, 3, NULL, 1),
(2181, NULL, 3, NULL, 1),
(2182, NULL, 3, NULL, 1),
(2183, NULL, 3, NULL, 1),
(2184, NULL, 3, NULL, 1),
(2185, NULL, 3, NULL, 1),
(2186, NULL, 3, NULL, 1),
(2187, NULL, 3, NULL, 1),
(2188, NULL, 3, NULL, 1),
(2189, NULL, 3, NULL, 1),
(2190, NULL, 3, NULL, 1),
(2191, NULL, 3, NULL, 1),
(2192, NULL, 3, NULL, 1),
(2193, NULL, 3, NULL, 1),
(2194, NULL, 3, NULL, 1),
(2195, NULL, 3, NULL, 1),
(2196, NULL, 3, NULL, 1),
(2197, NULL, 3, NULL, 1),
(2198, NULL, 3, NULL, 1),
(2199, NULL, 3, NULL, 1),
(2200, NULL, 3, NULL, 1),
(2201, NULL, 3, NULL, 1),
(2202, NULL, 3, NULL, 1),
(2203, NULL, 3, NULL, 1),
(2204, NULL, 3, NULL, 1),
(2205, NULL, 3, NULL, 1),
(2206, NULL, 3, NULL, 1),
(2207, NULL, 3, NULL, 1),
(2208, NULL, 3, NULL, 1),
(2209, NULL, 3, NULL, 1),
(2210, NULL, 3, NULL, 1),
(2211, NULL, 3, NULL, 1),
(2212, NULL, 3, NULL, 1),
(2213, NULL, 3, NULL, 1),
(2214, NULL, 3, NULL, 1),
(2215, NULL, 3, NULL, 1),
(2216, NULL, 3, NULL, 1),
(2217, NULL, 3, NULL, 1),
(2218, NULL, 3, NULL, 1),
(2219, NULL, 3, NULL, 1),
(2220, NULL, 3, NULL, 1),
(2221, NULL, 3, NULL, 1),
(2222, NULL, 3, NULL, 1),
(2223, NULL, 3, NULL, 1),
(2224, NULL, 3, NULL, 1),
(2225, NULL, 3, NULL, 1),
(2226, NULL, 3, NULL, 1),
(2227, NULL, 3, NULL, 1),
(2228, NULL, 3, NULL, 1),
(2229, NULL, 3, NULL, 1),
(2230, NULL, 3, NULL, 1),
(2231, NULL, 3, NULL, 1),
(2232, NULL, 3, NULL, 1),
(2233, NULL, 3, NULL, 1),
(2234, NULL, 3, NULL, 1),
(2235, NULL, 3, NULL, 1),
(2236, NULL, 3, NULL, 1),
(2237, NULL, 3, NULL, 1),
(2238, NULL, 3, NULL, 1),
(2239, NULL, 3, NULL, 1),
(2240, NULL, 3, NULL, 1),
(2241, NULL, 3, NULL, 1),
(2242, NULL, 3, NULL, 1),
(2243, NULL, 3, NULL, 1),
(2244, NULL, 3, NULL, 1),
(2245, NULL, 3, NULL, 1),
(2246, NULL, 3, NULL, 1),
(2247, NULL, 3, NULL, 1),
(2248, NULL, 3, NULL, 1),
(2249, NULL, 3, NULL, 1),
(2250, NULL, 3, NULL, 1),
(2251, NULL, 3, NULL, 1),
(2252, NULL, 3, NULL, 1),
(2253, NULL, 3, NULL, 1),
(2254, NULL, 3, NULL, 1),
(2255, NULL, 3, NULL, 1),
(2256, NULL, 3, NULL, 1),
(2257, NULL, 3, NULL, 1),
(2258, NULL, 3, NULL, 1),
(2259, NULL, 3, NULL, 1),
(2260, NULL, 3, NULL, 1),
(2261, NULL, 3, NULL, 1),
(2262, NULL, 3, NULL, 1),
(2263, NULL, 3, NULL, 1),
(2264, NULL, 3, NULL, 1),
(2265, NULL, 3, NULL, 1),
(2266, NULL, 3, NULL, 1),
(2267, NULL, 3, NULL, 1),
(2268, NULL, 3, NULL, 1),
(2269, NULL, 3, NULL, 1),
(2270, NULL, 3, NULL, 1),
(2271, NULL, 3, NULL, 1),
(2272, NULL, 3, NULL, 1),
(2273, NULL, 3, NULL, 1),
(2274, NULL, 3, NULL, 1),
(2275, NULL, 3, NULL, 1),
(2276, NULL, 3, NULL, 1),
(2277, NULL, 3, NULL, 1),
(2278, NULL, 3, NULL, 1),
(2279, NULL, 3, NULL, 1),
(2280, NULL, 3, NULL, 1),
(2281, NULL, 3, NULL, 1),
(2282, NULL, 3, NULL, 1),
(2283, NULL, 3, NULL, 1),
(2284, NULL, 3, NULL, 1),
(2285, NULL, 3, NULL, 1),
(2286, NULL, 3, NULL, 1),
(2287, NULL, 3, NULL, 1),
(2288, NULL, 3, NULL, 1),
(2289, NULL, 3, NULL, 1),
(2290, NULL, 3, NULL, 1),
(2291, NULL, 3, NULL, 1),
(2292, NULL, 3, NULL, 1),
(2293, NULL, 3, NULL, 1),
(2294, NULL, 3, NULL, 1),
(2295, NULL, 3, NULL, 1),
(2296, NULL, 3, NULL, 1),
(2297, NULL, 3, NULL, 1),
(2298, NULL, 3, NULL, 1),
(2299, NULL, 3, NULL, 1),
(2300, NULL, 3, NULL, 1),
(2301, NULL, 3, NULL, 1),
(2302, NULL, 3, NULL, 1),
(2303, NULL, 3, NULL, 1),
(2304, NULL, 3, NULL, 1),
(2305, NULL, 3, NULL, 1),
(2306, NULL, 3, NULL, 1),
(2307, NULL, 3, NULL, 1),
(2308, NULL, 3, NULL, 1),
(2309, NULL, 3, NULL, 1),
(2310, NULL, 3, NULL, 1),
(2311, NULL, 3, NULL, 1),
(2312, NULL, 3, NULL, 1),
(2313, NULL, 3, NULL, 1),
(2314, NULL, 3, NULL, 1),
(2315, NULL, 3, NULL, 1),
(2316, NULL, 3, NULL, 1),
(2317, NULL, 3, NULL, 1),
(2318, NULL, 3, NULL, 1),
(2319, NULL, 3, NULL, 1),
(2320, NULL, 3, NULL, 1),
(2321, NULL, 3, NULL, 1),
(2322, NULL, 3, NULL, 1),
(2323, NULL, 3, NULL, 1),
(2324, NULL, 3, NULL, 1),
(2325, NULL, 3, NULL, 1),
(2326, NULL, 3, NULL, 1),
(2327, NULL, 3, NULL, 1),
(2328, NULL, 3, NULL, 1),
(2329, NULL, 3, NULL, 1),
(2330, NULL, 3, NULL, 1),
(2331, NULL, 3, NULL, 1),
(2332, NULL, 3, NULL, 1),
(2333, NULL, 3, NULL, 1),
(2334, NULL, 3, NULL, 1),
(2335, NULL, 3, NULL, 1),
(2336, NULL, 3, NULL, 1),
(2337, NULL, 3, NULL, 1),
(2338, NULL, 3, NULL, 1),
(2339, NULL, 3, NULL, 1),
(2340, NULL, 3, NULL, 1),
(2341, NULL, 3, NULL, 1),
(2342, NULL, 3, NULL, 1),
(2343, NULL, 3, NULL, 1),
(2344, NULL, 3, NULL, 1),
(2345, NULL, 3, NULL, 1),
(2346, NULL, 3, NULL, 1),
(2347, NULL, 3, NULL, 1),
(2348, NULL, 3, NULL, 1),
(2349, NULL, 3, NULL, 1),
(2350, NULL, 3, NULL, 1),
(2351, NULL, 3, NULL, 1),
(2352, NULL, 3, NULL, 1),
(2353, NULL, 3, NULL, 1),
(2354, NULL, 3, NULL, 1),
(2355, NULL, 3, NULL, 1),
(2356, NULL, 3, NULL, 1),
(2357, NULL, 3, NULL, 1),
(2358, NULL, 3, NULL, 1),
(2359, NULL, 3, NULL, 1),
(2360, NULL, 3, NULL, 1),
(2361, NULL, 3, NULL, 1),
(2362, NULL, 3, NULL, 1),
(2363, NULL, 3, NULL, 1),
(2364, NULL, 3, NULL, 1),
(2365, NULL, 3, NULL, 1),
(2366, NULL, 3, NULL, 1),
(2367, NULL, 3, NULL, 1),
(2368, NULL, 3, NULL, 1),
(2369, NULL, 3, NULL, 1),
(2370, NULL, 3, NULL, 1),
(2371, NULL, 3, NULL, 1),
(2372, NULL, 3, NULL, 1),
(2373, NULL, 3, NULL, 1),
(2374, NULL, 3, NULL, 1),
(2375, NULL, 3, NULL, 1),
(2376, NULL, 3, NULL, 1),
(2377, NULL, 3, NULL, 1),
(2378, NULL, 3, NULL, 1),
(2379, NULL, 3, NULL, 1),
(2380, NULL, 3, NULL, 1),
(2381, NULL, 3, NULL, 1),
(2382, NULL, 3, NULL, 1),
(2383, NULL, 3, NULL, 1),
(2384, NULL, 3, NULL, 1),
(2385, NULL, 3, NULL, 1),
(2386, NULL, 3, NULL, 1),
(2387, NULL, 3, NULL, 1),
(2388, NULL, 3, NULL, 1),
(2389, NULL, 3, NULL, 1),
(2390, NULL, 3, NULL, 1),
(2391, NULL, 3, NULL, 1),
(2392, NULL, 3, NULL, 1),
(2393, NULL, 3, NULL, 1),
(2394, NULL, 3, NULL, 1),
(2395, NULL, 3, NULL, 1),
(2396, NULL, 3, NULL, 1),
(2397, NULL, 3, NULL, 1),
(2398, NULL, 3, NULL, 1),
(2399, NULL, 3, NULL, 1),
(2400, NULL, 3, NULL, 1),
(2401, NULL, 3, NULL, 1),
(2402, NULL, 3, NULL, 1),
(2403, NULL, 3, NULL, 1),
(2404, NULL, 3, NULL, 1),
(2405, NULL, 3, NULL, 1),
(2406, NULL, 3, NULL, 1),
(2407, NULL, 3, NULL, 1),
(2408, NULL, 3, NULL, 1),
(2409, NULL, 3, NULL, 1),
(2410, NULL, 3, NULL, 1),
(2411, NULL, 3, NULL, 1),
(2412, NULL, 3, NULL, 1),
(2413, NULL, 3, NULL, 1),
(2414, NULL, 3, NULL, 1),
(2415, NULL, 3, NULL, 1),
(2416, NULL, 3, NULL, 1),
(2417, NULL, 3, NULL, 1),
(2418, NULL, 3, NULL, 1),
(2419, NULL, 3, NULL, 1),
(2420, NULL, 3, NULL, 1),
(2421, NULL, 3, NULL, 1),
(2422, NULL, 3, NULL, 1),
(2423, NULL, 3, NULL, 1),
(2424, NULL, 3, NULL, 1),
(2425, NULL, 3, NULL, 1),
(2426, NULL, 3, NULL, 1),
(2427, NULL, 3, NULL, 1),
(2428, NULL, 3, NULL, 1),
(2429, NULL, 3, NULL, 1),
(2430, NULL, 3, NULL, 1),
(2431, NULL, 3, NULL, 1),
(2432, NULL, 3, NULL, 1),
(2433, NULL, 3, NULL, 1),
(2434, NULL, 3, NULL, 1),
(2435, NULL, 3, NULL, 1),
(2436, NULL, 3, NULL, 1),
(2437, NULL, 3, NULL, 1),
(2438, NULL, 3, NULL, 1),
(2439, NULL, 3, NULL, 1),
(2440, NULL, 3, NULL, 1),
(2441, NULL, 3, NULL, 1),
(2442, NULL, 3, NULL, 1),
(2443, NULL, 3, NULL, 1),
(2444, NULL, 3, NULL, 1),
(2445, NULL, 3, NULL, 1),
(2446, NULL, 3, NULL, 1),
(2447, NULL, 3, NULL, 1),
(2448, NULL, 3, NULL, 1),
(2449, NULL, 3, NULL, 1),
(2450, NULL, 3, NULL, 1),
(2451, NULL, 3, NULL, 1),
(2452, NULL, 3, NULL, 1),
(2453, NULL, 3, NULL, 1),
(2454, NULL, 3, NULL, 1),
(2455, NULL, 3, NULL, 1),
(2456, NULL, 3, NULL, 1),
(2457, NULL, 3, NULL, 1),
(2458, NULL, 3, NULL, 1),
(2459, NULL, 3, NULL, 1),
(2460, NULL, 3, NULL, 1),
(2461, NULL, 3, NULL, 1),
(2462, NULL, 3, NULL, 1),
(2463, NULL, 3, NULL, 1),
(2464, NULL, 3, NULL, 1),
(2465, NULL, 3, NULL, 1),
(2466, NULL, 3, NULL, 1),
(2467, NULL, 3, NULL, 1),
(2468, NULL, 3, NULL, 1),
(2469, NULL, 3, NULL, 1),
(2470, NULL, 3, NULL, 1),
(2471, NULL, 3, NULL, 1),
(2472, NULL, 3, NULL, 1),
(2473, NULL, 3, NULL, 1),
(2474, NULL, 3, NULL, 1),
(2475, NULL, 3, NULL, 1),
(2476, NULL, 3, NULL, 1),
(2477, NULL, 3, NULL, 1),
(2478, NULL, 3, NULL, 1),
(2479, NULL, 3, NULL, 1),
(2480, NULL, 3, NULL, 1),
(2481, NULL, 3, NULL, 1),
(2482, NULL, 3, NULL, 1),
(2483, NULL, 3, NULL, 1),
(2484, NULL, 3, NULL, 1),
(2485, NULL, 3, NULL, 1),
(2486, NULL, 3, NULL, 1),
(2487, NULL, 3, NULL, 1),
(2488, NULL, 3, NULL, 1),
(2489, NULL, 3, NULL, 1),
(2490, NULL, 3, NULL, 1),
(2491, NULL, 3, NULL, 1),
(2492, NULL, 3, NULL, 1),
(2493, NULL, 3, NULL, 1),
(2494, NULL, 3, NULL, 1),
(2495, NULL, 3, NULL, 1),
(2496, NULL, 3, NULL, 1),
(2497, NULL, 3, NULL, 1),
(2498, NULL, 3, NULL, 1),
(2499, NULL, 3, NULL, 1),
(2500, NULL, 3, NULL, 1),
(2501, NULL, 3, NULL, 1),
(2502, NULL, 3, NULL, 1),
(2503, NULL, 3, NULL, 1),
(2504, NULL, 3, NULL, 1),
(2505, NULL, 3, NULL, 1),
(2506, NULL, 3, NULL, 1),
(2507, NULL, 3, NULL, 1),
(2508, NULL, 3, NULL, 1),
(2509, NULL, 3, NULL, 1),
(2510, NULL, 3, NULL, 1),
(2511, NULL, 3, NULL, 1),
(2512, NULL, 3, NULL, 1),
(2513, NULL, 3, NULL, 1),
(2514, NULL, 3, NULL, 1),
(2515, NULL, 3, NULL, 1),
(2516, NULL, 3, NULL, 1),
(2517, NULL, 3, NULL, 1),
(2518, NULL, 3, NULL, 1),
(2519, NULL, 3, NULL, 1),
(2520, NULL, 3, NULL, 1),
(2521, NULL, 3, NULL, 1),
(2522, NULL, 3, NULL, 1),
(2523, NULL, 3, NULL, 1),
(2524, NULL, 3, NULL, 1),
(2525, NULL, 3, NULL, 1),
(2526, NULL, 3, NULL, 1),
(2527, NULL, 3, NULL, 1),
(2528, NULL, 3, NULL, 1),
(2529, NULL, 3, NULL, 1),
(2530, NULL, 3, NULL, 1),
(2531, NULL, 3, NULL, 1),
(2532, NULL, 3, NULL, 1),
(2533, NULL, 3, NULL, 1),
(2534, NULL, 3, NULL, 1),
(2535, NULL, 3, NULL, 1),
(2536, NULL, 3, NULL, 1),
(2537, NULL, 3, NULL, 1),
(2538, NULL, 3, NULL, 1),
(2539, NULL, 3, NULL, 1),
(2540, NULL, 3, NULL, 1),
(2541, NULL, 3, NULL, 1),
(2542, NULL, 3, NULL, 1),
(2543, NULL, 3, NULL, 1),
(2544, NULL, 3, NULL, 1),
(2545, NULL, 3, NULL, 1),
(2546, NULL, 3, NULL, 1),
(2547, NULL, 3, NULL, 1),
(2548, NULL, 3, NULL, 1),
(2549, NULL, 3, NULL, 1),
(2550, NULL, 3, NULL, 1),
(2551, NULL, 3, NULL, 1),
(2552, NULL, 3, NULL, 1),
(2553, NULL, 3, NULL, 1),
(2554, NULL, 3, NULL, 1),
(2555, NULL, 3, NULL, 1),
(2556, NULL, 3, NULL, 1),
(2557, NULL, 3, NULL, 1),
(2558, NULL, 3, NULL, 1),
(2559, NULL, 3, NULL, 1),
(2560, NULL, 3, NULL, 1),
(2561, NULL, 3, NULL, 1),
(2562, NULL, 3, NULL, 1),
(2563, NULL, 3, NULL, 1),
(2564, NULL, 3, NULL, 1),
(2565, NULL, 3, NULL, 1),
(2566, NULL, 3, NULL, 1),
(2567, NULL, 3, NULL, 1),
(2568, NULL, 3, NULL, 1),
(2569, NULL, 3, NULL, 1),
(2570, NULL, 3, NULL, 1),
(2571, NULL, 3, NULL, 1),
(2572, NULL, 3, NULL, 1),
(2573, NULL, 3, NULL, 1),
(2574, NULL, 3, NULL, 1),
(2575, NULL, 3, NULL, 1),
(2576, NULL, 3, NULL, 1),
(2577, NULL, 3, NULL, 1),
(2578, NULL, 3, NULL, 1),
(2579, NULL, 3, NULL, 1),
(2580, NULL, 3, NULL, 1),
(2581, NULL, 3, NULL, 1),
(2582, NULL, 3, NULL, 1),
(2583, NULL, 3, NULL, 1),
(2584, NULL, 3, NULL, 1),
(2585, NULL, 3, NULL, 1),
(2586, NULL, 3, NULL, 1),
(2587, NULL, 3, NULL, 1),
(2588, NULL, 3, NULL, 1),
(2589, NULL, 3, NULL, 1),
(2590, NULL, 3, NULL, 1),
(2591, NULL, 3, NULL, 1),
(2592, NULL, 3, NULL, 1),
(2593, NULL, 3, NULL, 1),
(2594, NULL, 3, NULL, 1),
(2595, NULL, 3, NULL, 1),
(2596, NULL, 3, NULL, 1),
(2597, NULL, 3, NULL, 1),
(2598, NULL, 3, NULL, 1),
(2599, NULL, 3, NULL, 1),
(2600, NULL, 3, NULL, 1),
(2601, NULL, 3, NULL, 1),
(2602, NULL, 3, NULL, 1),
(2603, NULL, 3, NULL, 1),
(2604, NULL, 3, NULL, 1),
(2605, NULL, 3, NULL, 1),
(2606, NULL, 3, NULL, 1),
(2607, NULL, 3, NULL, 1),
(2608, NULL, 3, NULL, 1),
(2609, NULL, 3, NULL, 1),
(2610, NULL, 3, NULL, 1),
(2611, NULL, 3, NULL, 1),
(2612, NULL, 3, NULL, 1),
(2613, NULL, 3, NULL, 1),
(2614, NULL, 3, NULL, 1),
(2615, NULL, 3, NULL, 1),
(2616, NULL, 3, NULL, 1),
(2617, NULL, 3, NULL, 1),
(2618, NULL, 3, NULL, 1),
(2619, NULL, 3, NULL, 1),
(2620, NULL, 3, NULL, 1),
(2621, NULL, 3, NULL, 1),
(2622, NULL, 3, NULL, 1),
(2623, NULL, 3, NULL, 1),
(2624, NULL, 3, NULL, 1),
(2625, NULL, 3, NULL, 1),
(2626, NULL, 3, NULL, 1),
(2627, NULL, 3, NULL, 1),
(2628, NULL, 3, NULL, 1),
(2629, NULL, 3, NULL, 1),
(2630, NULL, 3, NULL, 1),
(2631, NULL, 3, NULL, 1),
(2632, NULL, 3, NULL, 1),
(2633, NULL, 3, NULL, 1),
(2634, NULL, 3, NULL, 1),
(2635, NULL, 3, NULL, 1),
(2636, NULL, 3, NULL, 1),
(2637, NULL, 3, NULL, 1),
(2638, NULL, 3, NULL, 1),
(2639, NULL, 3, NULL, 1),
(2640, NULL, 3, NULL, 1),
(2641, NULL, 3, NULL, 1),
(2642, NULL, 3, NULL, 1),
(2643, NULL, 3, NULL, 1),
(2644, NULL, 3, NULL, 1),
(2645, NULL, 3, NULL, 1),
(2646, NULL, 3, NULL, 1),
(2647, NULL, 3, NULL, 1),
(2648, NULL, 3, NULL, 1),
(2649, NULL, 3, NULL, 1),
(2650, NULL, 3, NULL, 1),
(2651, NULL, 3, NULL, 1),
(2652, NULL, 3, NULL, 1),
(2653, NULL, 3, NULL, 1),
(2654, NULL, 3, NULL, 1),
(2655, NULL, 3, NULL, 1),
(2656, NULL, 3, NULL, 1),
(2657, NULL, 3, NULL, 1),
(2658, NULL, 3, NULL, 1),
(2659, NULL, 3, NULL, 1),
(2660, NULL, 3, NULL, 1),
(2661, NULL, 3, NULL, 1),
(2662, NULL, 3, NULL, 1),
(2663, NULL, 3, NULL, 1),
(2664, NULL, 3, NULL, 1),
(2665, NULL, 3, NULL, 1),
(2666, NULL, 3, NULL, 1),
(2667, NULL, 3, NULL, 1),
(2668, NULL, 3, NULL, 1),
(2669, NULL, 3, NULL, 1),
(2670, NULL, 3, NULL, 1),
(2671, NULL, 3, NULL, 1),
(2672, NULL, 3, NULL, 1),
(2673, NULL, 3, NULL, 1),
(2674, NULL, 3, NULL, 1),
(2675, NULL, 3, NULL, 1),
(2676, NULL, 3, NULL, 1),
(2677, NULL, 3, NULL, 1),
(2678, NULL, 3, NULL, 1),
(2679, NULL, 3, NULL, 1),
(2680, NULL, 3, NULL, 1),
(2681, NULL, 3, NULL, 1),
(2682, NULL, 3, NULL, 1),
(2683, NULL, 3, NULL, 1),
(2684, NULL, 3, NULL, 1),
(2685, NULL, 3, NULL, 1),
(2686, NULL, 3, NULL, 1),
(2687, NULL, 3, NULL, 1),
(2688, NULL, 3, NULL, 1),
(2689, NULL, 3, NULL, 1),
(2690, NULL, 3, NULL, 1),
(2691, NULL, 3, NULL, 1),
(2692, NULL, 3, NULL, 1),
(2693, NULL, 3, NULL, 1),
(2694, NULL, 3, NULL, 1),
(2695, NULL, 3, NULL, 1),
(2696, NULL, 3, NULL, 1),
(2697, NULL, 3, NULL, 1),
(2698, NULL, 3, NULL, 1),
(2699, NULL, 3, NULL, 1),
(2700, NULL, 3, NULL, 1),
(2701, NULL, 3, NULL, 1),
(2702, NULL, 3, NULL, 1),
(2703, NULL, 3, NULL, 1),
(2704, NULL, 3, NULL, 1),
(2705, NULL, 3, NULL, 1),
(2706, NULL, 3, NULL, 1),
(2707, NULL, 3, NULL, 1),
(2708, NULL, 3, NULL, 1),
(2709, NULL, 3, NULL, 1),
(2710, NULL, 3, NULL, 1),
(2711, NULL, 3, NULL, 1),
(2712, NULL, 3, NULL, 1),
(2713, NULL, 3, NULL, 1),
(2714, NULL, 3, NULL, 1),
(2715, NULL, 3, NULL, 1),
(2716, NULL, 3, NULL, 1),
(2717, NULL, 3, NULL, 1),
(2718, NULL, 3, NULL, 1),
(2719, NULL, 3, NULL, 1),
(2720, NULL, 3, NULL, 1),
(2721, NULL, 3, NULL, 1),
(2722, NULL, 3, NULL, 1),
(2723, NULL, 3, NULL, 1),
(2724, NULL, 3, NULL, 1),
(2725, NULL, 3, NULL, 1),
(2726, NULL, 3, NULL, 1),
(2727, NULL, 3, NULL, 1),
(2728, NULL, 3, NULL, 1),
(2729, NULL, 3, NULL, 1),
(2730, NULL, 3, NULL, 1),
(2731, NULL, 3, NULL, 1),
(2732, NULL, 3, NULL, 1),
(2733, NULL, 3, NULL, 1),
(2734, NULL, 3, NULL, 1),
(2735, NULL, 3, NULL, 1),
(2736, NULL, 3, NULL, 1),
(2737, NULL, 3, NULL, 1),
(2738, NULL, 3, NULL, 1),
(2739, NULL, 3, NULL, 1),
(2740, NULL, 3, NULL, 1),
(2741, NULL, 3, NULL, 1),
(2742, NULL, 3, NULL, 1),
(2743, NULL, 3, NULL, 1),
(2744, NULL, 3, NULL, 1),
(2745, NULL, 3, NULL, 1),
(2746, NULL, 3, NULL, 1),
(2747, NULL, 3, NULL, 1),
(2748, NULL, 3, NULL, 1),
(2749, NULL, 3, NULL, 1),
(2750, NULL, 3, NULL, 1),
(2751, NULL, 3, NULL, 1),
(2752, NULL, 3, NULL, 1),
(2753, NULL, 3, NULL, 1),
(2754, NULL, 3, NULL, 1),
(2755, NULL, 3, NULL, 1),
(2756, NULL, 3, NULL, 1),
(2757, NULL, 3, NULL, 1),
(2758, NULL, 3, NULL, 1),
(2759, NULL, 3, NULL, 1),
(2760, NULL, 3, NULL, 1),
(2761, NULL, 3, NULL, 1),
(2762, NULL, 3, NULL, 1),
(2763, NULL, 3, NULL, 1),
(2764, NULL, 3, NULL, 1),
(2765, NULL, 3, NULL, 1),
(2766, NULL, 3, NULL, 1),
(2767, NULL, 3, NULL, 1),
(2768, NULL, 3, NULL, 1),
(2769, NULL, 3, NULL, 1),
(2770, NULL, 3, NULL, 1),
(2771, NULL, 3, NULL, 1),
(2772, NULL, 3, NULL, 1),
(2773, NULL, 3, NULL, 1),
(2774, NULL, 3, NULL, 1),
(2775, NULL, 3, NULL, 1),
(2776, NULL, 3, NULL, 1),
(2777, NULL, 3, NULL, 1),
(2778, NULL, 3, NULL, 1),
(2779, NULL, 3, NULL, 1),
(2780, NULL, 3, NULL, 1),
(2781, NULL, 3, NULL, 1),
(2782, NULL, 3, NULL, 1),
(2783, NULL, 3, NULL, 1),
(2784, NULL, 3, NULL, 1),
(2785, NULL, 3, NULL, 1),
(2786, NULL, 3, NULL, 1),
(2787, NULL, 3, NULL, 1),
(2788, NULL, 3, NULL, 1),
(2789, NULL, 3, NULL, 1),
(2790, NULL, 3, NULL, 1),
(2791, NULL, 3, NULL, 1),
(2792, NULL, 3, NULL, 1),
(2793, NULL, 3, NULL, 1),
(2794, NULL, 3, NULL, 1),
(2795, NULL, 3, NULL, 1),
(2796, NULL, 3, NULL, 1),
(2797, NULL, 3, NULL, 1),
(2798, NULL, 3, NULL, 1),
(2799, NULL, 3, NULL, 1),
(2800, NULL, 3, NULL, 1),
(2801, NULL, 3, NULL, 1),
(2802, NULL, 3, NULL, 1),
(2803, NULL, 3, NULL, 1),
(2804, NULL, 3, NULL, 1),
(2805, NULL, 3, NULL, 1),
(2806, NULL, 3, NULL, 1),
(2807, NULL, 3, NULL, 1),
(2808, NULL, 3, NULL, 1),
(2809, NULL, 3, NULL, 1),
(2810, NULL, 3, NULL, 1),
(2811, NULL, 3, NULL, 1),
(2812, NULL, 3, NULL, 1),
(2813, NULL, 3, NULL, 1),
(2814, NULL, 3, NULL, 1),
(2815, NULL, 3, NULL, 1),
(2816, NULL, 3, NULL, 1),
(2817, NULL, 3, NULL, 1),
(2818, NULL, 3, NULL, 1),
(2819, NULL, 3, NULL, 1),
(2820, NULL, 3, NULL, 1),
(2821, NULL, 3, NULL, 1),
(2822, NULL, 3, NULL, 1),
(2823, NULL, 3, NULL, 1),
(2824, NULL, 3, NULL, 1),
(2825, NULL, 3, NULL, 1),
(2826, NULL, 3, NULL, 1),
(2827, NULL, 3, NULL, 1),
(2828, NULL, 3, NULL, 1),
(2829, NULL, 3, NULL, 1),
(2830, NULL, 3, NULL, 1),
(2831, NULL, 3, NULL, 1),
(2832, NULL, 3, NULL, 1),
(2833, NULL, 3, NULL, 1),
(2834, NULL, 3, NULL, 1),
(2835, NULL, 3, NULL, 1),
(2836, NULL, 3, NULL, 1),
(2837, NULL, 3, NULL, 1),
(2838, NULL, 3, NULL, 1),
(2839, NULL, 3, NULL, 1),
(2840, NULL, 3, NULL, 1),
(2841, NULL, 3, NULL, 1),
(2842, NULL, 3, NULL, 1),
(2843, NULL, 3, NULL, 1),
(2844, NULL, 3, NULL, 1),
(2845, NULL, 3, NULL, 1),
(2846, NULL, 3, NULL, 1),
(2847, NULL, 3, NULL, 1),
(2848, NULL, 3, NULL, 1),
(2849, NULL, 3, NULL, 1),
(2850, NULL, 3, NULL, 1),
(2851, NULL, 3, NULL, 1),
(2852, NULL, 3, NULL, 1),
(2853, NULL, 3, NULL, 1),
(2854, NULL, 3, NULL, 1),
(2855, NULL, 3, NULL, 1),
(2856, NULL, 3, NULL, 1),
(2857, NULL, 3, NULL, 1),
(2858, NULL, 3, NULL, 1),
(2859, NULL, 3, NULL, 1),
(2860, NULL, 3, NULL, 1),
(2861, NULL, 3, NULL, 1),
(2862, NULL, 3, NULL, 1),
(2863, NULL, 3, NULL, 1),
(2864, NULL, 3, NULL, 1),
(2865, NULL, 3, NULL, 1),
(2866, NULL, 3, NULL, 1),
(2867, NULL, 3, NULL, 1),
(2868, NULL, 3, NULL, 1),
(2869, NULL, 3, NULL, 1),
(2870, NULL, 3, NULL, 1),
(2871, NULL, 3, NULL, 1),
(2872, NULL, 3, NULL, 1),
(2873, NULL, 3, NULL, 1),
(2874, NULL, 3, NULL, 1),
(2875, NULL, 3, NULL, 1),
(2876, NULL, 3, NULL, 1),
(2877, NULL, 3, NULL, 1),
(2878, NULL, 3, NULL, 1),
(2879, NULL, 3, NULL, 1),
(2880, NULL, 3, NULL, 1),
(2881, NULL, 3, NULL, 1),
(2882, NULL, 3, NULL, 1),
(2883, NULL, 3, NULL, 1),
(2884, NULL, 3, NULL, 1),
(2885, NULL, 3, NULL, 1),
(2886, NULL, 3, NULL, 1),
(2887, NULL, 3, NULL, 1),
(2888, NULL, 3, NULL, 1),
(2889, NULL, 3, NULL, 1),
(2890, NULL, 3, NULL, 1),
(2891, NULL, 3, NULL, 1),
(2892, NULL, 3, NULL, 1),
(2893, NULL, 3, NULL, 1),
(2894, NULL, 3, NULL, 1),
(2895, NULL, 3, NULL, 1),
(2896, NULL, 3, NULL, 1),
(2897, NULL, 3, NULL, 1),
(2898, NULL, 3, NULL, 1),
(2899, NULL, 3, NULL, 1),
(2900, NULL, 3, NULL, 1),
(2901, NULL, 3, NULL, 1),
(2902, NULL, 3, NULL, 1),
(2903, NULL, 3, NULL, 1),
(2904, NULL, 3, NULL, 1),
(2905, NULL, 3, NULL, 1),
(2906, NULL, 3, NULL, 1),
(2907, NULL, 3, NULL, 1),
(2908, NULL, 3, NULL, 1),
(2909, NULL, 3, NULL, 1),
(2910, NULL, 3, NULL, 1),
(2911, NULL, 3, NULL, 1),
(2912, NULL, 3, NULL, 1),
(2913, NULL, 3, NULL, 1),
(2914, NULL, 3, NULL, 1),
(2915, NULL, 3, NULL, 1),
(2916, NULL, 3, NULL, 1),
(2917, NULL, 3, NULL, 1),
(2918, NULL, 3, NULL, 1),
(2919, NULL, 3, NULL, 1),
(2920, NULL, 3, NULL, 1),
(2921, NULL, 3, NULL, 1),
(2922, NULL, 3, NULL, 1),
(2923, NULL, 3, NULL, 1),
(2924, NULL, 3, NULL, 1),
(2925, NULL, 3, NULL, 1),
(2926, NULL, 3, NULL, 1),
(2927, NULL, 3, NULL, 1),
(2928, NULL, 3, NULL, 1),
(2929, NULL, 3, NULL, 1),
(2930, NULL, 3, NULL, 1),
(2931, NULL, 3, NULL, 1),
(2932, NULL, 3, NULL, 1),
(2933, NULL, 3, NULL, 1),
(2934, NULL, 3, NULL, 1),
(2935, NULL, 3, NULL, 1),
(2936, NULL, 3, NULL, 1),
(2937, NULL, 3, NULL, 1),
(2938, NULL, 3, NULL, 1),
(2939, NULL, 3, NULL, 1),
(2940, NULL, 3, NULL, 1),
(2941, NULL, 3, NULL, 1),
(2942, NULL, 3, NULL, 1),
(2943, NULL, 3, NULL, 1),
(2944, NULL, 3, NULL, 1),
(2945, NULL, 3, NULL, 1),
(2946, NULL, 3, NULL, 1),
(2947, NULL, 3, NULL, 1),
(2948, NULL, 3, NULL, 1),
(2949, NULL, 3, NULL, 1),
(2950, NULL, 3, NULL, 1),
(2951, NULL, 3, NULL, 1),
(2952, NULL, 3, NULL, 1),
(2953, NULL, 3, NULL, 1),
(2954, NULL, 3, NULL, 1),
(2955, NULL, 3, NULL, 1),
(2956, NULL, 3, NULL, 1),
(2957, NULL, 3, NULL, 1),
(2958, NULL, 3, NULL, 1),
(2959, NULL, 3, NULL, 1),
(2960, NULL, 3, NULL, 1),
(2961, NULL, 3, NULL, 1),
(2962, NULL, 3, NULL, 1),
(2963, NULL, 3, NULL, 1),
(2964, NULL, 3, NULL, 1),
(2965, NULL, 3, NULL, 1),
(2966, NULL, 3, NULL, 1),
(2967, NULL, 3, NULL, 1),
(2968, NULL, 3, NULL, 1),
(2969, NULL, 3, NULL, 1),
(2970, NULL, 3, NULL, 1),
(2971, NULL, 3, NULL, 1),
(2972, NULL, 3, NULL, 1),
(2973, NULL, 3, NULL, 1),
(2974, NULL, 3, NULL, 1),
(2975, NULL, 3, NULL, 1),
(2976, NULL, 3, NULL, 1),
(2977, NULL, 3, NULL, 1),
(2978, NULL, 3, NULL, 1),
(2979, NULL, 3, NULL, 1),
(2980, NULL, 3, NULL, 1),
(2981, NULL, 3, NULL, 1),
(2982, NULL, 3, NULL, 1),
(2983, NULL, 3, NULL, 1),
(2984, NULL, 3, NULL, 1),
(2985, NULL, 3, NULL, 1),
(2986, NULL, 3, NULL, 1),
(2987, NULL, 3, NULL, 1),
(2988, NULL, 3, NULL, 1),
(2989, NULL, 3, NULL, 1),
(2990, NULL, 3, NULL, 1),
(2991, NULL, 3, NULL, 1),
(2992, NULL, 3, NULL, 1),
(2993, NULL, 3, NULL, 1),
(2994, NULL, 3, NULL, 1),
(2995, NULL, 3, NULL, 1),
(2996, NULL, 3, NULL, 1),
(2997, NULL, 3, NULL, 1),
(2998, NULL, 3, NULL, 1),
(2999, NULL, 3, NULL, 1),
(3000, NULL, 3, NULL, 1),
(3001, NULL, 3, NULL, 1),
(3002, NULL, 3, NULL, 1),
(3003, NULL, 3, NULL, 1),
(3004, NULL, 3, NULL, 1),
(3005, NULL, 3, NULL, 1),
(3006, NULL, 3, NULL, 1),
(3007, NULL, 3, NULL, 1),
(3008, NULL, 3, NULL, 1),
(3009, NULL, 3, NULL, 1),
(3010, NULL, 3, NULL, 1),
(3011, NULL, 3, NULL, 1),
(3012, NULL, 3, NULL, 1),
(3013, NULL, 3, NULL, 1),
(3014, NULL, 3, NULL, 1),
(3015, NULL, 3, NULL, 1),
(3016, NULL, 3, NULL, 1),
(3017, NULL, 3, NULL, 1),
(3018, NULL, 3, NULL, 1),
(3019, NULL, 3, NULL, 1),
(3020, NULL, 3, NULL, 1),
(3021, NULL, 3, NULL, 1),
(3022, NULL, 3, NULL, 1),
(3023, NULL, 3, NULL, 1),
(3024, NULL, 3, NULL, 1),
(3025, NULL, 3, NULL, 1),
(3026, NULL, 3, NULL, 1),
(3027, NULL, 3, NULL, 1),
(3028, NULL, 3, NULL, 1),
(3029, NULL, 3, NULL, 1),
(3030, NULL, 3, NULL, 1),
(3031, NULL, 3, NULL, 1),
(3032, NULL, 3, NULL, 1),
(3033, NULL, 3, NULL, 1),
(3034, NULL, 3, NULL, 1),
(3035, NULL, 3, NULL, 1),
(3036, NULL, 3, NULL, 1),
(3037, NULL, 3, NULL, 1),
(3038, NULL, 3, NULL, 1),
(3039, NULL, 3, NULL, 1),
(3040, NULL, 3, NULL, 1),
(3041, NULL, 3, NULL, 1),
(3042, NULL, 3, NULL, 1),
(3043, NULL, 3, NULL, 1),
(3044, NULL, 3, NULL, 1),
(3045, NULL, 3, NULL, 1),
(3046, NULL, 3, NULL, 1),
(3047, NULL, 3, NULL, 1),
(3048, NULL, 3, NULL, 1),
(3049, NULL, 3, NULL, 1),
(3050, NULL, 3, NULL, 1),
(3051, NULL, 3, NULL, 1),
(3052, NULL, 3, NULL, 1),
(3053, NULL, 3, NULL, 1),
(3054, NULL, 3, NULL, 1),
(3055, NULL, 3, NULL, 1),
(3056, NULL, 3, NULL, 1),
(3057, NULL, 3, NULL, 1),
(3058, NULL, 3, NULL, 1),
(3059, NULL, 3, NULL, 1),
(3060, NULL, 3, NULL, 1),
(3061, NULL, 3, NULL, 1),
(3062, NULL, 3, NULL, 1),
(3063, NULL, 3, NULL, 1),
(3064, NULL, 3, NULL, 1),
(3065, NULL, 3, NULL, 1),
(3066, NULL, 3, NULL, 1),
(3067, NULL, 3, NULL, 1),
(3068, NULL, 3, NULL, 1),
(3069, NULL, 3, NULL, 1),
(3070, NULL, 3, NULL, 1),
(3071, NULL, 3, NULL, 1),
(3072, NULL, 3, NULL, 1),
(3073, NULL, 3, NULL, 1),
(3074, NULL, 3, NULL, 1),
(3075, NULL, 3, NULL, 1),
(3076, NULL, 3, NULL, 1),
(3077, NULL, 3, NULL, 1),
(3078, NULL, 3, NULL, 1),
(3079, NULL, 3, NULL, 1),
(3080, NULL, 3, NULL, 1),
(3081, NULL, 3, NULL, 1),
(3082, NULL, 3, NULL, 1),
(3083, NULL, 3, NULL, 1),
(3084, NULL, 3, NULL, 1),
(3085, NULL, 3, NULL, 1),
(3086, NULL, 3, NULL, 1),
(3087, NULL, 3, NULL, 1),
(3088, NULL, 3, NULL, 1),
(3089, NULL, 3, NULL, 1),
(3090, NULL, 3, NULL, 1),
(3091, NULL, 3, NULL, 1),
(3092, NULL, 3, NULL, 1),
(3093, NULL, 3, NULL, 1),
(3094, NULL, 3, NULL, 1),
(3095, NULL, 3, NULL, 1),
(3096, NULL, 3, NULL, 1),
(3097, NULL, 3, NULL, 1),
(3098, NULL, 3, NULL, 1),
(3099, NULL, 3, NULL, 1),
(3100, NULL, 3, NULL, 1),
(3101, NULL, 3, NULL, 1),
(3102, NULL, 3, NULL, 1),
(3103, NULL, 3, NULL, 1),
(3104, NULL, 3, NULL, 1),
(3105, NULL, 3, NULL, 1),
(3106, NULL, 3, NULL, 1),
(3107, NULL, 3, NULL, 1),
(3108, NULL, 3, NULL, 1),
(3109, NULL, 3, NULL, 1),
(3110, NULL, 3, NULL, 1),
(3111, NULL, 3, NULL, 1),
(3112, NULL, 3, NULL, 1),
(3113, NULL, 3, NULL, 1),
(3114, NULL, 3, NULL, 1),
(3115, NULL, 3, NULL, 1),
(3116, NULL, 3, NULL, 1),
(3117, NULL, 3, NULL, 1),
(3118, NULL, 3, NULL, 1),
(3119, NULL, 3, NULL, 1),
(3120, NULL, 3, NULL, 1),
(3121, NULL, 3, NULL, 1),
(3122, NULL, 3, NULL, 1),
(3123, NULL, 3, NULL, 1),
(3124, NULL, 3, NULL, 1),
(3125, NULL, 3, NULL, 1),
(3126, NULL, 3, NULL, 1),
(3127, NULL, 3, NULL, 1),
(3128, NULL, 3, NULL, 1),
(3129, NULL, 3, NULL, 1),
(3130, NULL, 3, NULL, 1),
(3131, NULL, 3, NULL, 1),
(3132, NULL, 3, NULL, 1),
(3133, NULL, 3, NULL, 1),
(3134, NULL, 3, NULL, 1),
(3135, NULL, 3, NULL, 1),
(3136, NULL, 3, NULL, 1),
(3137, NULL, 3, NULL, 1),
(3138, NULL, 3, NULL, 1),
(3139, NULL, 3, NULL, 1),
(3140, NULL, 3, NULL, 1),
(3141, NULL, 3, NULL, 1),
(3142, NULL, 3, NULL, 1),
(3143, NULL, 3, NULL, 1),
(3144, NULL, 3, NULL, 1),
(3145, NULL, 3, NULL, 1),
(3146, NULL, 3, NULL, 1),
(3147, NULL, 3, NULL, 1),
(3148, NULL, 3, NULL, 1),
(3149, NULL, 3, NULL, 1),
(3150, NULL, 3, NULL, 1),
(3151, NULL, 3, NULL, 1),
(3152, NULL, 3, NULL, 1),
(3153, NULL, 3, NULL, 1),
(3154, NULL, 3, NULL, 1),
(3155, NULL, 3, NULL, 1),
(3156, NULL, 3, NULL, 1),
(3157, NULL, 3, NULL, 1),
(3158, NULL, 3, NULL, 1),
(3159, NULL, 3, NULL, 1),
(3160, NULL, 3, NULL, 1),
(3161, NULL, 3, NULL, 1),
(3162, NULL, 3, NULL, 1),
(3163, NULL, 3, NULL, 1),
(3164, NULL, 3, NULL, 1),
(3165, NULL, 3, NULL, 1),
(3166, NULL, 3, NULL, 1),
(3167, NULL, 3, NULL, 1),
(3168, NULL, 3, NULL, 1),
(3169, NULL, 3, NULL, 1),
(3170, NULL, 3, NULL, 1),
(3171, NULL, 3, NULL, 1),
(3172, NULL, 3, NULL, 1),
(3173, NULL, 3, NULL, 1),
(3174, NULL, 3, NULL, 1),
(3175, NULL, 3, NULL, 1),
(3176, NULL, 3, NULL, 1),
(3177, NULL, 3, NULL, 1),
(3178, NULL, 3, NULL, 1),
(3179, NULL, 3, NULL, 1),
(3180, NULL, 3, NULL, 1),
(3181, NULL, 3, NULL, 1),
(3182, NULL, 3, NULL, 1),
(3183, NULL, 3, NULL, 1),
(3184, NULL, 3, NULL, 1),
(3185, NULL, 3, NULL, 1),
(3186, NULL, 3, NULL, 1),
(3187, NULL, 3, NULL, 1),
(3188, NULL, 3, NULL, 1),
(3189, NULL, 3, NULL, 1),
(3190, NULL, 3, NULL, 1),
(3191, NULL, 3, NULL, 1),
(3192, NULL, 3, NULL, 1),
(3193, NULL, 3, NULL, 1),
(3194, NULL, 3, NULL, 1),
(3195, NULL, 3, NULL, 1),
(3196, NULL, 3, NULL, 1),
(3197, NULL, 3, NULL, 1),
(3198, NULL, 3, NULL, 1),
(3199, NULL, 3, NULL, 1),
(3200, NULL, 3, NULL, 1),
(3201, NULL, 3, NULL, 1),
(3202, NULL, 3, NULL, 1),
(3203, NULL, 3, NULL, 1),
(3204, NULL, 3, NULL, 1),
(3205, NULL, 3, NULL, 1),
(3206, NULL, 3, NULL, 1),
(3207, NULL, 3, NULL, 1),
(3208, NULL, 3, NULL, 1),
(3209, NULL, 3, NULL, 1),
(3210, NULL, 3, NULL, 1),
(3211, NULL, 3, NULL, 1),
(3212, NULL, 3, NULL, 1),
(3213, NULL, 3, NULL, 1),
(3214, NULL, 3, NULL, 1),
(3215, NULL, 3, NULL, 1),
(3216, NULL, 3, NULL, 1),
(3217, NULL, 3, NULL, 1),
(3218, NULL, 3, NULL, 1),
(3219, NULL, 3, NULL, 1),
(3220, NULL, 3, NULL, 1),
(3221, NULL, 3, NULL, 1),
(3222, NULL, 3, NULL, 1),
(3223, NULL, 3, NULL, 1),
(3224, NULL, 3, NULL, 1),
(3225, NULL, 3, NULL, 1),
(3226, NULL, 3, NULL, 1),
(3227, NULL, 3, NULL, 1),
(3228, NULL, 3, NULL, 1),
(3229, NULL, 3, NULL, 1),
(3230, NULL, 3, NULL, 1),
(3231, NULL, 3, NULL, 1),
(3232, NULL, 3, NULL, 1),
(3233, NULL, 3, NULL, 1),
(3234, NULL, 3, NULL, 1),
(3235, NULL, 3, NULL, 1),
(3236, NULL, 3, NULL, 1),
(3237, NULL, 3, NULL, 1),
(3238, NULL, 3, NULL, 1),
(3239, NULL, 3, NULL, 1),
(3240, NULL, 3, NULL, 1),
(3241, NULL, 3, NULL, 1),
(3242, NULL, 3, NULL, 1),
(3243, NULL, 3, NULL, 1),
(3244, NULL, 3, NULL, 1),
(3245, NULL, 3, NULL, 1),
(3246, NULL, 3, NULL, 1),
(3247, NULL, 3, NULL, 1),
(3248, NULL, 3, NULL, 1),
(3249, NULL, 3, NULL, 1),
(3250, NULL, 3, NULL, 1),
(3251, NULL, 3, NULL, 1),
(3252, NULL, 3, NULL, 1),
(3253, NULL, 3, NULL, 1),
(3254, NULL, 3, NULL, 1),
(3255, NULL, 3, NULL, 1),
(3256, NULL, 3, NULL, 1),
(3257, NULL, 3, NULL, 1),
(3258, NULL, 3, NULL, 1),
(3259, NULL, 3, NULL, 1),
(3260, NULL, 3, NULL, 1),
(3261, NULL, 3, NULL, 1),
(3262, NULL, 3, NULL, 1),
(3263, NULL, 3, NULL, 1),
(3264, NULL, 3, NULL, 1),
(3265, NULL, 3, NULL, 1),
(3266, NULL, 3, NULL, 1),
(3267, NULL, 3, NULL, 1),
(3268, NULL, 3, NULL, 1),
(3269, NULL, 3, NULL, 1),
(3270, NULL, 3, NULL, 1),
(3271, NULL, 3, NULL, 1),
(3272, NULL, 3, NULL, 1),
(3273, NULL, 3, NULL, 1),
(3274, NULL, 3, NULL, 1),
(3275, NULL, 3, NULL, 1),
(3276, NULL, 3, NULL, 1),
(3277, NULL, 3, NULL, 1),
(3278, NULL, 3, NULL, 1),
(3279, NULL, 3, NULL, 1),
(3280, NULL, 3, NULL, 1),
(3281, NULL, 3, NULL, 1),
(3282, NULL, 3, NULL, 1),
(3283, NULL, 3, NULL, 1),
(3284, NULL, 3, NULL, 1),
(3285, NULL, 3, NULL, 1),
(3286, NULL, 3, NULL, 1),
(3287, NULL, 3, NULL, 1),
(3288, NULL, 3, NULL, 1),
(3289, NULL, 3, NULL, 1),
(3290, NULL, 3, NULL, 1),
(3291, NULL, 3, NULL, 1),
(3292, NULL, 3, NULL, 1),
(3293, NULL, 3, NULL, 1),
(3294, NULL, 3, NULL, 1),
(3295, NULL, 3, NULL, 1),
(3296, NULL, 3, NULL, 1),
(3297, NULL, 3, NULL, 1),
(3298, NULL, 3, NULL, 1),
(3299, NULL, 3, NULL, 1),
(3300, NULL, 3, NULL, 1),
(3301, NULL, 3, NULL, 1),
(3302, NULL, 3, NULL, 1),
(3303, NULL, 3, NULL, 1),
(3304, NULL, 3, NULL, 1),
(3305, NULL, 3, NULL, 1),
(3306, NULL, 3, NULL, 1),
(3307, NULL, 3, NULL, 1),
(3308, NULL, 3, NULL, 1),
(3309, NULL, 3, NULL, 1),
(3310, NULL, 3, NULL, 1),
(3311, NULL, 3, NULL, 1),
(3312, NULL, 3, NULL, 1),
(3313, NULL, 3, NULL, 1),
(3314, NULL, 3, NULL, 1),
(3315, NULL, 3, NULL, 1),
(3316, NULL, 3, NULL, 1),
(3317, NULL, 3, NULL, 1),
(3318, NULL, 3, NULL, 1),
(3319, NULL, 3, NULL, 1),
(3320, NULL, 3, NULL, 1),
(3321, NULL, 3, NULL, 1),
(3322, NULL, 3, NULL, 1),
(3323, NULL, 3, NULL, 1),
(3324, NULL, 3, NULL, 1),
(3325, NULL, 3, NULL, 1),
(3326, NULL, 3, NULL, 1),
(3327, NULL, 3, NULL, 1),
(3328, NULL, 3, NULL, 1),
(3329, NULL, 3, NULL, 1),
(3330, NULL, 3, NULL, 1),
(3331, NULL, 3, NULL, 1),
(3332, NULL, 3, NULL, 1),
(3333, NULL, 3, NULL, 1),
(3334, NULL, 3, NULL, 1),
(3335, NULL, 3, NULL, 1),
(3336, NULL, 3, NULL, 1),
(3337, NULL, 3, NULL, 1),
(3338, NULL, 3, NULL, 1),
(3339, NULL, 3, NULL, 1),
(3340, NULL, 3, NULL, 1),
(3341, NULL, 3, NULL, 1),
(3342, NULL, 3, NULL, 1),
(3343, NULL, 3, NULL, 1),
(3344, NULL, 3, NULL, 1),
(3345, NULL, 3, NULL, 1),
(3346, NULL, 3, NULL, 1),
(3347, NULL, 3, NULL, 1),
(3348, NULL, 3, NULL, 1),
(3349, NULL, 3, NULL, 1),
(3350, NULL, 3, NULL, 1),
(3351, NULL, 3, NULL, 1),
(3352, NULL, 3, NULL, 1),
(3353, NULL, 3, NULL, 1),
(3354, NULL, 3, NULL, 1),
(3355, NULL, 3, NULL, 1),
(3356, NULL, 3, NULL, 1),
(3357, NULL, 3, NULL, 1),
(3358, NULL, 3, NULL, 1),
(3359, NULL, 3, NULL, 1),
(3360, NULL, 3, NULL, 1),
(3361, NULL, 3, NULL, 1),
(3362, NULL, 3, NULL, 1),
(3363, NULL, 3, NULL, 1),
(3364, NULL, 3, NULL, 1),
(3365, NULL, 3, NULL, 1),
(3366, NULL, 3, NULL, 1),
(3367, NULL, 3, NULL, 1),
(3368, NULL, 3, NULL, 1),
(3369, NULL, 3, NULL, 1),
(3370, NULL, 3, NULL, 1),
(3371, NULL, 3, NULL, 1),
(3372, NULL, 3, NULL, 1),
(3373, NULL, 3, NULL, 1),
(3374, NULL, 3, NULL, 1),
(3375, NULL, 3, NULL, 1),
(3376, NULL, 3, NULL, 1),
(3377, NULL, 3, NULL, 1),
(3378, NULL, 3, NULL, 1),
(3379, NULL, 3, NULL, 1),
(3380, NULL, 3, NULL, 1),
(3381, NULL, 3, NULL, 1),
(3382, NULL, 3, NULL, 1),
(3383, NULL, 3, NULL, 1),
(3384, NULL, 3, NULL, 1),
(3385, NULL, 3, NULL, 1),
(3386, NULL, 3, NULL, 1),
(3387, NULL, 3, NULL, 1),
(3388, NULL, 3, NULL, 1),
(3389, NULL, 3, NULL, 1),
(3390, NULL, 3, NULL, 1),
(3391, NULL, 3, NULL, 1),
(3392, NULL, 3, NULL, 1),
(3393, NULL, 3, NULL, 1),
(3394, NULL, 3, NULL, 1),
(3395, NULL, 3, NULL, 1),
(3396, NULL, 3, NULL, 1),
(3397, NULL, 3, NULL, 1),
(3398, NULL, 3, NULL, 1),
(3399, NULL, 3, NULL, 1),
(3400, NULL, 3, NULL, 1),
(3401, NULL, 3, NULL, 1),
(3402, NULL, 3, NULL, 1),
(3403, NULL, 3, NULL, 1),
(3404, NULL, 3, NULL, 1),
(3405, NULL, 3, NULL, 1),
(3406, NULL, 3, NULL, 1),
(3407, NULL, 3, NULL, 1),
(3408, NULL, 3, NULL, 1),
(3409, NULL, 3, NULL, 1),
(3410, NULL, 3, NULL, 1),
(3411, NULL, 3, NULL, 1),
(3412, NULL, 3, NULL, 1),
(11, NULL, 3, NULL, 2),
(12, NULL, 3, NULL, 2),
(13, NULL, 3, NULL, 2),
(14, NULL, 3, NULL, 2),
(15, NULL, 3, NULL, 2),
(16, NULL, 3, NULL, 2),
(17, NULL, 3, NULL, 2),
(18, NULL, 3, NULL, 2),
(19, NULL, 3, NULL, 2),
(20, NULL, 3, NULL, 2),
(21, NULL, 3, NULL, 2),
(22, NULL, 3, NULL, 2),
(23, NULL, 3, NULL, 2),
(24, NULL, 3, NULL, 2),
(25, NULL, 3, NULL, 2),
(26, NULL, 3, NULL, 2),
(27, NULL, 3, NULL, 2),
(28, NULL, 3, NULL, 2),
(29, NULL, 3, NULL, 2),
(30, NULL, 3, NULL, 2),
(31, NULL, 3, NULL, 2),
(32, NULL, 3, NULL, 2),
(33, NULL, 3, NULL, 2),
(34, NULL, 3, NULL, 2),
(35, NULL, 3, NULL, 2),
(36, NULL, 3, NULL, 2),
(37, NULL, 3, NULL, 2),
(38, NULL, 3, NULL, 2),
(39, NULL, 3, NULL, 2),
(40, NULL, 3, NULL, 2),
(41, NULL, 3, NULL, 2),
(42, NULL, 3, NULL, 2),
(43, NULL, 3, NULL, 2),
(44, NULL, 3, NULL, 2),
(45, NULL, 3, NULL, 2),
(46, NULL, 3, NULL, 2),
(47, NULL, 3, NULL, 2),
(48, NULL, 3, NULL, 2),
(49, NULL, 3, NULL, 2),
(50, NULL, 3, NULL, 2),
(51, NULL, 3, NULL, 2),
(52, NULL, 3, NULL, 2),
(53, NULL, 3, NULL, 2),
(54, NULL, 3, NULL, 2),
(55, NULL, 3, NULL, 2),
(56, NULL, 3, NULL, 2),
(57, NULL, 3, NULL, 2),
(58, NULL, 3, NULL, 2),
(59, NULL, 3, NULL, 2),
(60, NULL, 3, NULL, 2),
(61, NULL, 3, NULL, 2),
(62, NULL, 3, NULL, 2),
(63, NULL, 3, NULL, 2),
(64, NULL, 3, NULL, 2),
(65, NULL, 3, NULL, 2),
(66, NULL, 3, NULL, 2),
(67, NULL, 3, NULL, 2),
(68, NULL, 3, NULL, 2),
(69, NULL, 3, NULL, 2),
(70, NULL, 3, NULL, 2),
(71, NULL, 3, NULL, 2),
(72, NULL, 3, NULL, 2),
(73, NULL, 3, NULL, 2),
(74, NULL, 3, NULL, 2),
(75, NULL, 3, NULL, 2),
(76, NULL, 3, NULL, 2),
(77, NULL, 3, NULL, 2),
(78, NULL, 3, NULL, 2),
(79, NULL, 3, NULL, 2),
(80, NULL, 3, NULL, 2),
(81, NULL, 3, NULL, 2),
(82, NULL, 3, NULL, 2),
(83, NULL, 3, NULL, 2),
(84, NULL, 3, NULL, 2),
(85, NULL, 3, NULL, 2),
(86, NULL, 3, NULL, 2),
(87, NULL, 3, NULL, 2),
(88, NULL, 3, NULL, 2),
(89, NULL, 3, NULL, 2),
(90, NULL, 3, NULL, 2),
(91, NULL, 3, NULL, 2),
(92, NULL, 3, NULL, 2),
(93, NULL, 3, NULL, 2),
(94, NULL, 3, NULL, 2),
(95, NULL, 3, NULL, 2),
(96, NULL, 3, NULL, 2),
(97, NULL, 3, NULL, 2),
(98, NULL, 3, NULL, 2),
(99, NULL, 3, NULL, 2),
(100, NULL, 3, NULL, 2),
(101, NULL, 3, NULL, 2),
(102, NULL, 3, NULL, 2),
(103, NULL, 3, NULL, 2),
(104, NULL, 3, NULL, 2),
(105, NULL, 3, NULL, 2),
(106, NULL, 3, NULL, 2),
(107, NULL, 3, NULL, 2),
(108, NULL, 3, NULL, 2),
(109, NULL, 3, NULL, 2),
(110, NULL, 3, NULL, 2),
(111, NULL, 3, NULL, 2),
(112, NULL, 3, NULL, 2),
(113, NULL, 3, NULL, 2),
(114, NULL, 3, NULL, 2),
(115, NULL, 3, NULL, 2),
(116, NULL, 3, NULL, 2),
(117, NULL, 3, NULL, 2),
(118, NULL, 3, NULL, 2),
(119, NULL, 3, NULL, 2),
(120, NULL, 3, NULL, 2),
(121, NULL, 3, NULL, 2),
(122, NULL, 3, NULL, 2),
(123, NULL, 3, NULL, 2),
(124, NULL, 3, NULL, 2),
(125, NULL, 3, NULL, 2),
(126, NULL, 3, NULL, 2),
(127, NULL, 3, NULL, 2),
(128, NULL, 3, NULL, 2),
(129, NULL, 3, NULL, 2),
(130, NULL, 3, NULL, 2),
(131, NULL, 3, NULL, 2),
(132, NULL, 3, NULL, 2),
(133, NULL, 3, NULL, 2),
(134, NULL, 3, NULL, 2),
(135, NULL, 3, NULL, 2),
(136, NULL, 3, NULL, 2),
(137, NULL, 3, NULL, 2),
(138, NULL, 3, NULL, 2),
(139, NULL, 3, NULL, 2),
(140, NULL, 3, NULL, 2),
(141, NULL, 3, NULL, 2),
(142, NULL, 3, NULL, 2),
(143, NULL, 3, NULL, 2),
(144, NULL, 3, NULL, 2),
(145, NULL, 3, NULL, 2),
(146, NULL, 3, NULL, 2),
(147, NULL, 3, NULL, 2),
(148, NULL, 3, NULL, 2),
(149, NULL, 3, NULL, 2),
(150, NULL, 3, NULL, 2),
(151, NULL, 3, NULL, 2),
(152, NULL, 3, NULL, 2),
(153, NULL, 3, NULL, 2),
(154, NULL, 3, NULL, 2),
(155, NULL, 3, NULL, 2),
(156, NULL, 3, NULL, 2),
(157, NULL, 3, NULL, 2),
(158, NULL, 3, NULL, 2),
(159, NULL, 3, NULL, 2),
(160, NULL, 3, NULL, 2),
(161, NULL, 3, NULL, 2),
(162, NULL, 3, NULL, 2),
(163, NULL, 3, NULL, 2),
(164, NULL, 3, NULL, 2),
(165, NULL, 3, NULL, 2),
(166, NULL, 3, NULL, 2),
(167, NULL, 3, NULL, 2),
(168, NULL, 3, NULL, 2),
(169, NULL, 3, NULL, 2),
(170, NULL, 3, NULL, 2),
(171, NULL, 3, NULL, 2),
(172, NULL, 3, NULL, 2),
(173, NULL, 3, NULL, 2),
(174, NULL, 3, NULL, 2),
(175, NULL, 3, NULL, 2),
(176, NULL, 3, NULL, 2),
(177, NULL, 3, NULL, 2),
(178, NULL, 3, NULL, 2),
(179, NULL, 3, NULL, 2),
(180, NULL, 3, NULL, 2),
(181, NULL, 3, NULL, 2),
(182, NULL, 3, NULL, 2),
(183, NULL, 3, NULL, 2),
(184, NULL, 3, NULL, 2),
(185, NULL, 3, NULL, 2),
(186, NULL, 3, NULL, 2),
(187, NULL, 3, NULL, 2),
(188, NULL, 3, NULL, 2),
(189, NULL, 3, NULL, 2),
(190, NULL, 3, NULL, 2),
(191, NULL, 3, NULL, 2),
(192, NULL, 3, NULL, 2),
(193, NULL, 3, NULL, 2),
(194, NULL, 3, NULL, 2),
(195, NULL, 3, NULL, 2),
(196, NULL, 3, NULL, 2),
(197, NULL, 3, NULL, 2),
(198, NULL, 3, NULL, 2),
(199, NULL, 3, NULL, 2),
(200, NULL, 3, NULL, 2),
(201, NULL, 3, NULL, 2),
(202, NULL, 3, NULL, 2),
(203, NULL, 3, NULL, 2),
(204, NULL, 3, NULL, 2),
(205, NULL, 3, NULL, 2),
(206, NULL, 3, NULL, 2),
(207, NULL, 3, NULL, 2),
(208, NULL, 3, NULL, 2),
(209, NULL, 3, NULL, 2),
(210, NULL, 3, NULL, 2),
(211, NULL, 3, NULL, 2),
(212, NULL, 3, NULL, 2),
(213, NULL, 3, NULL, 2),
(214, NULL, 3, NULL, 2),
(215, NULL, 3, NULL, 2),
(216, NULL, 3, NULL, 2),
(217, NULL, 3, NULL, 2),
(218, NULL, 3, NULL, 2),
(219, NULL, 3, NULL, 2),
(220, NULL, 3, NULL, 2),
(221, NULL, 3, NULL, 2),
(222, NULL, 3, NULL, 2),
(223, NULL, 3, NULL, 2),
(224, NULL, 3, NULL, 2),
(225, NULL, 3, NULL, 2),
(226, NULL, 3, NULL, 2),
(227, NULL, 3, NULL, 2),
(228, NULL, 3, NULL, 2),
(229, NULL, 3, NULL, 2),
(230, NULL, 3, NULL, 2),
(231, NULL, 3, NULL, 2),
(232, NULL, 3, NULL, 2),
(233, NULL, 3, NULL, 2),
(234, NULL, 3, NULL, 2),
(235, NULL, 3, NULL, 2),
(236, NULL, 3, NULL, 2),
(237, NULL, 3, NULL, 2),
(238, NULL, 3, NULL, 2),
(239, NULL, 3, NULL, 2),
(240, NULL, 3, NULL, 2),
(241, NULL, 3, NULL, 2),
(242, NULL, 3, NULL, 2),
(243, NULL, 3, NULL, 2),
(244, NULL, 3, NULL, 2),
(245, NULL, 3, NULL, 2),
(246, NULL, 3, NULL, 2),
(247, NULL, 3, NULL, 2),
(248, NULL, 3, NULL, 2),
(249, NULL, 3, NULL, 2),
(250, NULL, 3, NULL, 2),
(251, NULL, 3, NULL, 2),
(252, NULL, 3, NULL, 2),
(253, NULL, 3, NULL, 2),
(254, NULL, 3, NULL, 2),
(255, NULL, 3, NULL, 2),
(256, NULL, 3, NULL, 2),
(257, NULL, 3, NULL, 2),
(258, NULL, 3, NULL, 2),
(259, NULL, 3, NULL, 2),
(260, NULL, 3, NULL, 2),
(261, NULL, 3, NULL, 2),
(262, NULL, 3, NULL, 2),
(263, NULL, 3, NULL, 2),
(264, NULL, 3, NULL, 2),
(265, NULL, 3, NULL, 2),
(266, NULL, 3, NULL, 2),
(267, NULL, 3, NULL, 2),
(268, NULL, 3, NULL, 2),
(269, NULL, 3, NULL, 2),
(270, NULL, 3, NULL, 2),
(271, NULL, 3, NULL, 2),
(272, NULL, 3, NULL, 2),
(273, NULL, 3, NULL, 2),
(274, NULL, 3, NULL, 2),
(275, NULL, 3, NULL, 2),
(276, NULL, 3, NULL, 2),
(277, NULL, 3, NULL, 2),
(278, NULL, 3, NULL, 2),
(279, NULL, 3, NULL, 2),
(280, NULL, 3, NULL, 2),
(281, NULL, 3, NULL, 2),
(282, NULL, 3, NULL, 2),
(283, NULL, 3, NULL, 2),
(284, NULL, 3, NULL, 2),
(285, NULL, 3, NULL, 2),
(286, NULL, 3, NULL, 2),
(287, NULL, 3, NULL, 2),
(288, NULL, 3, NULL, 2),
(289, NULL, 3, NULL, 2),
(290, NULL, 3, NULL, 2),
(291, NULL, 3, NULL, 2),
(292, NULL, 3, NULL, 2),
(293, NULL, 3, NULL, 2),
(294, NULL, 3, NULL, 2),
(295, NULL, 3, NULL, 2),
(296, NULL, 3, NULL, 2),
(297, NULL, 3, NULL, 2),
(298, NULL, 3, NULL, 2),
(299, NULL, 3, NULL, 2),
(300, NULL, 3, NULL, 2),
(301, NULL, 3, NULL, 2),
(302, NULL, 3, NULL, 2),
(303, NULL, 3, NULL, 2),
(304, NULL, 3, NULL, 2),
(305, NULL, 3, NULL, 2),
(306, NULL, 3, NULL, 2),
(307, NULL, 3, NULL, 2),
(308, NULL, 3, NULL, 2),
(309, NULL, 3, NULL, 2),
(310, NULL, 3, NULL, 2),
(311, NULL, 3, NULL, 2),
(312, NULL, 3, NULL, 2),
(313, NULL, 3, NULL, 2),
(314, NULL, 3, NULL, 2),
(315, NULL, 3, NULL, 2),
(316, NULL, 3, NULL, 2),
(317, NULL, 3, NULL, 2),
(318, NULL, 3, NULL, 2),
(319, NULL, 3, NULL, 2),
(320, NULL, 3, NULL, 2),
(321, NULL, 3, NULL, 2),
(322, NULL, 3, NULL, 2),
(323, NULL, 3, NULL, 2),
(324, NULL, 3, NULL, 2),
(325, NULL, 3, NULL, 2),
(326, NULL, 3, NULL, 2),
(327, NULL, 3, NULL, 2),
(328, NULL, 3, NULL, 2),
(329, NULL, 3, NULL, 2),
(330, NULL, 3, NULL, 2),
(331, NULL, 3, NULL, 2),
(332, NULL, 3, NULL, 2),
(333, NULL, 3, NULL, 2),
(334, NULL, 3, NULL, 2),
(335, NULL, 3, NULL, 2),
(336, NULL, 3, NULL, 2),
(337, NULL, 3, NULL, 2),
(338, NULL, 3, NULL, 2),
(339, NULL, 3, NULL, 2),
(340, NULL, 3, NULL, 2),
(341, NULL, 3, NULL, 2),
(342, NULL, 3, NULL, 2),
(343, NULL, 3, NULL, 2),
(344, NULL, 3, NULL, 2),
(345, NULL, 3, NULL, 2),
(346, NULL, 3, NULL, 2),
(347, NULL, 3, NULL, 2),
(348, NULL, 3, NULL, 2),
(349, NULL, 3, NULL, 2),
(350, NULL, 3, NULL, 2),
(351, NULL, 3, NULL, 2),
(352, NULL, 3, NULL, 2),
(353, NULL, 3, NULL, 2),
(354, NULL, 3, NULL, 2),
(355, NULL, 3, NULL, 2),
(356, NULL, 3, NULL, 2),
(357, NULL, 3, NULL, 2),
(358, NULL, 3, NULL, 2),
(359, NULL, 3, NULL, 2),
(360, NULL, 3, NULL, 2),
(361, NULL, 3, NULL, 2),
(362, NULL, 3, NULL, 2),
(363, NULL, 3, NULL, 2),
(364, NULL, 3, NULL, 2),
(365, NULL, 3, NULL, 2),
(366, NULL, 3, NULL, 2),
(367, NULL, 3, NULL, 2),
(368, NULL, 3, NULL, 2),
(369, NULL, 3, NULL, 2),
(370, NULL, 3, NULL, 2),
(371, NULL, 3, NULL, 2),
(372, NULL, 3, NULL, 2),
(373, NULL, 3, NULL, 2),
(374, NULL, 3, NULL, 2),
(375, NULL, 3, NULL, 2),
(376, NULL, 3, NULL, 2),
(377, NULL, 3, NULL, 2),
(378, NULL, 3, NULL, 2),
(379, NULL, 3, NULL, 2),
(380, NULL, 3, NULL, 2),
(381, NULL, 3, NULL, 2),
(382, NULL, 3, NULL, 2),
(383, NULL, 3, NULL, 2),
(384, NULL, 3, NULL, 2),
(385, NULL, 3, NULL, 2),
(386, NULL, 3, NULL, 2),
(387, NULL, 3, NULL, 2),
(388, NULL, 3, NULL, 2),
(389, NULL, 3, NULL, 2),
(390, NULL, 3, NULL, 2),
(391, NULL, 3, NULL, 2),
(392, NULL, 3, NULL, 2),
(393, NULL, 3, NULL, 2),
(394, NULL, 3, NULL, 2),
(395, NULL, 3, NULL, 2),
(396, NULL, 3, NULL, 2),
(397, NULL, 3, NULL, 2),
(398, NULL, 3, NULL, 2),
(399, NULL, 3, NULL, 2),
(400, NULL, 3, NULL, 2),
(401, NULL, 3, NULL, 2),
(402, NULL, 3, NULL, 2),
(403, NULL, 3, NULL, 2),
(404, NULL, 3, NULL, 2),
(405, NULL, 3, NULL, 2),
(406, NULL, 3, NULL, 2),
(407, NULL, 3, NULL, 2),
(408, NULL, 3, NULL, 2),
(409, NULL, 3, NULL, 2),
(410, NULL, 3, NULL, 2),
(411, NULL, 3, NULL, 2),
(412, NULL, 3, NULL, 2),
(413, NULL, 3, NULL, 2),
(414, NULL, 3, NULL, 2),
(415, NULL, 3, NULL, 2),
(416, NULL, 3, NULL, 2),
(417, NULL, 3, NULL, 2),
(418, NULL, 3, NULL, 2),
(419, NULL, 3, NULL, 2),
(420, NULL, 3, NULL, 2),
(421, NULL, 3, NULL, 2),
(422, NULL, 3, NULL, 2),
(423, NULL, 3, NULL, 2),
(424, NULL, 3, NULL, 2),
(425, NULL, 3, NULL, 2),
(426, NULL, 3, NULL, 2),
(427, NULL, 3, NULL, 2),
(428, NULL, 3, NULL, 2),
(429, NULL, 3, NULL, 2),
(430, NULL, 3, NULL, 2),
(431, NULL, 3, NULL, 2),
(432, NULL, 3, NULL, 2),
(433, NULL, 3, NULL, 2),
(434, NULL, 3, NULL, 2),
(435, NULL, 3, NULL, 2),
(436, NULL, 3, NULL, 2),
(437, NULL, 3, NULL, 2),
(438, NULL, 3, NULL, 2),
(439, NULL, 3, NULL, 2),
(440, NULL, 3, NULL, 2),
(441, NULL, 3, NULL, 2),
(442, NULL, 3, NULL, 2),
(443, NULL, 3, NULL, 2),
(444, NULL, 3, NULL, 2),
(445, NULL, 3, NULL, 2),
(446, NULL, 3, NULL, 2),
(447, NULL, 3, NULL, 2),
(448, NULL, 3, NULL, 2),
(449, NULL, 3, NULL, 2),
(450, NULL, 3, NULL, 2),
(451, NULL, 3, NULL, 2),
(452, NULL, 3, NULL, 2),
(453, NULL, 3, NULL, 2),
(454, NULL, 3, NULL, 2),
(455, NULL, 3, NULL, 2),
(456, NULL, 3, NULL, 2),
(457, NULL, 3, NULL, 2),
(458, NULL, 3, NULL, 2),
(459, NULL, 3, NULL, 2),
(460, NULL, 3, NULL, 2),
(461, NULL, 3, NULL, 2),
(462, NULL, 3, NULL, 2),
(463, NULL, 3, NULL, 2),
(464, NULL, 3, NULL, 2),
(465, NULL, 3, NULL, 2),
(466, NULL, 3, NULL, 2),
(467, NULL, 3, NULL, 2),
(468, NULL, 3, NULL, 2),
(469, NULL, 3, NULL, 2),
(470, NULL, 3, NULL, 2),
(471, NULL, 3, NULL, 2),
(472, NULL, 3, NULL, 2),
(473, NULL, 3, NULL, 2),
(474, NULL, 3, NULL, 2),
(475, NULL, 3, NULL, 2),
(476, NULL, 3, NULL, 2),
(477, NULL, 3, NULL, 2),
(478, NULL, 3, NULL, 2),
(479, NULL, 3, NULL, 2),
(480, NULL, 3, NULL, 2),
(481, NULL, 3, NULL, 2),
(482, NULL, 3, NULL, 2),
(483, NULL, 3, NULL, 2),
(484, NULL, 3, NULL, 2),
(485, NULL, 3, NULL, 2),
(486, NULL, 3, NULL, 2),
(487, NULL, 3, NULL, 2),
(488, NULL, 3, NULL, 2),
(489, NULL, 3, NULL, 2),
(490, NULL, 3, NULL, 2),
(491, NULL, 3, NULL, 2),
(492, NULL, 3, NULL, 2),
(493, NULL, 3, NULL, 2),
(494, NULL, 3, NULL, 2),
(495, NULL, 3, NULL, 2),
(496, NULL, 3, NULL, 2),
(497, NULL, 3, NULL, 2),
(498, NULL, 3, NULL, 2),
(499, NULL, 3, NULL, 2),
(500, NULL, 3, NULL, 2),
(501, NULL, 3, NULL, 2),
(502, NULL, 3, NULL, 2),
(503, NULL, 3, NULL, 2),
(504, NULL, 3, NULL, 2),
(505, NULL, 3, NULL, 2),
(506, NULL, 3, NULL, 2),
(507, NULL, 3, NULL, 2),
(508, NULL, 3, NULL, 2),
(509, NULL, 3, NULL, 2),
(510, NULL, 3, NULL, 2),
(511, NULL, 3, NULL, 2),
(512, NULL, 3, NULL, 2),
(513, NULL, 3, NULL, 2),
(514, NULL, 3, NULL, 2),
(515, NULL, 3, NULL, 2),
(516, NULL, 3, NULL, 2),
(517, NULL, 3, NULL, 2),
(518, NULL, 3, NULL, 2),
(519, NULL, 3, NULL, 2),
(520, NULL, 3, NULL, 2),
(521, NULL, 3, NULL, 2),
(522, NULL, 3, NULL, 2),
(523, NULL, 3, NULL, 2),
(524, NULL, 3, NULL, 2),
(525, NULL, 3, NULL, 2),
(526, NULL, 3, NULL, 2),
(527, NULL, 3, NULL, 2),
(528, NULL, 3, NULL, 2),
(529, NULL, 3, NULL, 2),
(530, NULL, 3, NULL, 2),
(531, NULL, 3, NULL, 2),
(532, NULL, 3, NULL, 2),
(533, NULL, 3, NULL, 2),
(534, NULL, 3, NULL, 2),
(535, NULL, 3, NULL, 2),
(536, NULL, 3, NULL, 2),
(537, NULL, 3, NULL, 2),
(538, NULL, 3, NULL, 2),
(539, NULL, 3, NULL, 2),
(540, NULL, 3, NULL, 2),
(541, NULL, 3, NULL, 2),
(542, NULL, 3, NULL, 2),
(543, NULL, 3, NULL, 2),
(544, NULL, 3, NULL, 2),
(545, NULL, 3, NULL, 2),
(546, NULL, 3, NULL, 2),
(547, NULL, 3, NULL, 2),
(548, NULL, 3, NULL, 2),
(549, NULL, 3, NULL, 2),
(550, NULL, 3, NULL, 2),
(551, NULL, 3, NULL, 2),
(552, NULL, 3, NULL, 2),
(553, NULL, 3, NULL, 2),
(554, NULL, 3, NULL, 2),
(555, NULL, 3, NULL, 2),
(556, NULL, 3, NULL, 2),
(557, NULL, 3, NULL, 2),
(558, NULL, 3, NULL, 2),
(559, NULL, 3, NULL, 2),
(560, NULL, 3, NULL, 2),
(561, NULL, 3, NULL, 2),
(562, NULL, 3, NULL, 2),
(563, NULL, 3, NULL, 2),
(564, NULL, 3, NULL, 2),
(565, NULL, 3, NULL, 2),
(566, NULL, 3, NULL, 2),
(567, NULL, 3, NULL, 2),
(568, NULL, 3, NULL, 2),
(569, NULL, 3, NULL, 2),
(570, NULL, 3, NULL, 2),
(571, NULL, 3, NULL, 2),
(572, NULL, 3, NULL, 2),
(573, NULL, 3, NULL, 2),
(574, NULL, 3, NULL, 2),
(575, NULL, 3, NULL, 2),
(576, NULL, 3, NULL, 2),
(577, NULL, 3, NULL, 2),
(578, NULL, 3, NULL, 2),
(579, NULL, 3, NULL, 2),
(580, NULL, 3, NULL, 2);
INSERT INTO `kelas` (`id`, `id_jurusan`, `id_kurikulum`, `id_semester`, `id_tingkat_kelas`) VALUES
(581, NULL, 3, NULL, 2),
(582, NULL, 3, NULL, 2),
(583, NULL, 3, NULL, 2),
(584, NULL, 3, NULL, 2),
(585, NULL, 3, NULL, 2),
(586, NULL, 3, NULL, 2),
(587, NULL, 3, NULL, 2),
(588, NULL, 3, NULL, 2),
(589, NULL, 3, NULL, 2),
(590, NULL, 3, NULL, 2),
(591, NULL, 3, NULL, 2),
(592, NULL, 3, NULL, 2),
(593, NULL, 3, NULL, 2),
(594, NULL, 3, NULL, 2),
(595, NULL, 3, NULL, 2),
(596, NULL, 3, NULL, 2),
(597, NULL, 3, NULL, 2),
(598, NULL, 3, NULL, 2),
(599, NULL, 3, NULL, 2),
(600, NULL, 3, NULL, 2),
(601, NULL, 3, NULL, 2),
(602, NULL, 3, NULL, 2),
(603, NULL, 3, NULL, 2),
(604, NULL, 3, NULL, 2),
(605, NULL, 3, NULL, 2),
(606, NULL, 3, NULL, 2),
(607, NULL, 3, NULL, 2),
(608, NULL, 3, NULL, 2),
(609, NULL, 3, NULL, 2),
(610, NULL, 3, NULL, 2),
(611, NULL, 3, NULL, 2),
(612, NULL, 3, NULL, 2),
(613, NULL, 3, NULL, 2),
(614, NULL, 3, NULL, 2),
(615, NULL, 3, NULL, 2),
(616, NULL, 3, NULL, 2),
(617, NULL, 3, NULL, 2),
(618, NULL, 3, NULL, 2),
(619, NULL, 3, NULL, 2),
(620, NULL, 3, NULL, 2),
(621, NULL, 3, NULL, 2),
(622, NULL, 3, NULL, 2),
(623, NULL, 3, NULL, 2),
(624, NULL, 3, NULL, 2),
(625, NULL, 3, NULL, 2),
(626, NULL, 3, NULL, 2),
(627, NULL, 3, NULL, 2),
(628, NULL, 3, NULL, 2),
(629, NULL, 3, NULL, 2),
(630, NULL, 3, NULL, 2),
(631, NULL, 3, NULL, 2),
(632, NULL, 3, NULL, 2),
(633, NULL, 3, NULL, 2),
(634, NULL, 3, NULL, 2),
(635, NULL, 3, NULL, 2),
(636, NULL, 3, NULL, 2),
(637, NULL, 3, NULL, 2),
(638, NULL, 3, NULL, 2),
(639, NULL, 3, NULL, 2),
(640, NULL, 3, NULL, 2),
(641, NULL, 3, NULL, 2),
(642, NULL, 3, NULL, 2),
(643, NULL, 3, NULL, 2),
(644, NULL, 3, NULL, 2),
(645, NULL, 3, NULL, 2),
(646, NULL, 3, NULL, 2),
(647, NULL, 3, NULL, 2),
(648, NULL, 3, NULL, 2),
(649, NULL, 3, NULL, 2),
(650, NULL, 3, NULL, 2),
(651, NULL, 3, NULL, 2),
(652, NULL, 3, NULL, 2),
(653, NULL, 3, NULL, 2),
(654, NULL, 3, NULL, 2),
(655, NULL, 3, NULL, 2),
(656, NULL, 3, NULL, 2),
(657, NULL, 3, NULL, 2),
(658, NULL, 3, NULL, 2),
(659, NULL, 3, NULL, 2),
(660, NULL, 3, NULL, 2),
(661, NULL, 3, NULL, 2),
(662, NULL, 3, NULL, 2),
(663, NULL, 3, NULL, 2),
(664, NULL, 3, NULL, 2),
(665, NULL, 3, NULL, 2),
(666, NULL, 3, NULL, 2),
(667, NULL, 3, NULL, 2),
(668, NULL, 3, NULL, 2),
(669, NULL, 3, NULL, 2),
(670, NULL, 3, NULL, 2),
(671, NULL, 3, NULL, 2),
(672, NULL, 3, NULL, 2),
(673, NULL, 3, NULL, 2),
(674, NULL, 3, NULL, 2),
(675, NULL, 3, NULL, 2),
(676, NULL, 3, NULL, 2),
(677, NULL, 3, NULL, 2),
(678, NULL, 3, NULL, 2),
(679, NULL, 3, NULL, 2),
(680, NULL, 3, NULL, 2),
(681, NULL, 3, NULL, 2),
(682, NULL, 3, NULL, 2),
(683, NULL, 3, NULL, 2),
(684, NULL, 3, NULL, 2),
(685, NULL, 3, NULL, 2),
(686, NULL, 3, NULL, 2),
(687, NULL, 3, NULL, 2),
(688, NULL, 3, NULL, 2),
(689, NULL, 3, NULL, 2),
(690, NULL, 3, NULL, 2),
(691, NULL, 3, NULL, 2),
(692, NULL, 3, NULL, 2),
(693, NULL, 3, NULL, 2),
(694, NULL, 3, NULL, 2),
(695, NULL, 3, NULL, 2),
(696, NULL, 3, NULL, 2),
(697, NULL, 3, NULL, 2),
(698, NULL, 3, NULL, 2),
(699, NULL, 3, NULL, 2),
(700, NULL, 3, NULL, 2),
(701, NULL, 3, NULL, 2),
(702, NULL, 3, NULL, 2),
(703, NULL, 3, NULL, 2),
(704, NULL, 3, NULL, 2),
(705, NULL, 3, NULL, 2),
(706, NULL, 3, NULL, 2),
(707, NULL, 3, NULL, 2),
(708, NULL, 3, NULL, 2),
(709, NULL, 3, NULL, 2),
(710, NULL, 3, NULL, 2),
(711, NULL, 3, NULL, 2),
(712, NULL, 3, NULL, 2),
(713, NULL, 3, NULL, 2),
(714, NULL, 3, NULL, 2),
(715, NULL, 3, NULL, 2),
(716, NULL, 3, NULL, 2),
(717, NULL, 3, NULL, 2),
(718, NULL, 3, NULL, 2),
(719, NULL, 3, NULL, 2),
(720, NULL, 3, NULL, 2),
(721, NULL, 3, NULL, 2),
(722, NULL, 3, NULL, 2),
(723, NULL, 3, NULL, 2),
(724, NULL, 3, NULL, 2),
(725, NULL, 3, NULL, 2),
(726, NULL, 3, NULL, 2),
(727, NULL, 3, NULL, 2),
(728, NULL, 3, NULL, 2),
(729, NULL, 3, NULL, 2),
(730, NULL, 3, NULL, 2),
(731, NULL, 3, NULL, 2),
(732, NULL, 3, NULL, 2),
(733, NULL, 3, NULL, 2),
(734, NULL, 3, NULL, 2),
(735, NULL, 3, NULL, 2),
(736, NULL, 3, NULL, 2),
(737, NULL, 3, NULL, 2),
(738, NULL, 3, NULL, 2),
(739, NULL, 3, NULL, 2),
(740, NULL, 3, NULL, 2),
(741, NULL, 3, NULL, 2),
(742, NULL, 3, NULL, 2),
(743, NULL, 3, NULL, 2),
(744, NULL, 3, NULL, 2),
(745, NULL, 3, NULL, 2),
(746, NULL, 3, NULL, 2),
(747, NULL, 3, NULL, 2),
(748, NULL, 3, NULL, 2),
(749, NULL, 3, NULL, 2),
(750, NULL, 3, NULL, 2),
(751, NULL, 3, NULL, 2),
(752, NULL, 3, NULL, 2),
(753, NULL, 3, NULL, 2),
(754, NULL, 3, NULL, 2),
(755, NULL, 3, NULL, 2),
(756, NULL, 3, NULL, 2),
(757, NULL, 3, NULL, 2),
(758, NULL, 3, NULL, 2),
(759, NULL, 3, NULL, 2),
(760, NULL, 3, NULL, 2),
(761, NULL, 3, NULL, 2),
(762, NULL, 3, NULL, 2),
(763, NULL, 3, NULL, 2),
(764, NULL, 3, NULL, 2),
(765, NULL, 3, NULL, 2),
(766, NULL, 3, NULL, 2),
(767, NULL, 3, NULL, 2),
(768, NULL, 3, NULL, 2),
(769, NULL, 3, NULL, 2),
(770, NULL, 3, NULL, 2),
(771, NULL, 3, NULL, 2),
(772, NULL, 3, NULL, 2),
(773, NULL, 3, NULL, 2),
(774, NULL, 3, NULL, 2),
(775, NULL, 3, NULL, 2),
(776, NULL, 3, NULL, 2),
(777, NULL, 3, NULL, 2),
(778, NULL, 3, NULL, 2),
(779, NULL, 3, NULL, 2),
(780, NULL, 3, NULL, 2),
(781, NULL, 3, NULL, 2),
(782, NULL, 3, NULL, 2),
(783, NULL, 3, NULL, 2),
(784, NULL, 3, NULL, 2),
(785, NULL, 3, NULL, 2),
(786, NULL, 3, NULL, 2),
(787, NULL, 3, NULL, 2),
(788, NULL, 3, NULL, 2),
(789, NULL, 3, NULL, 2),
(790, NULL, 3, NULL, 2),
(791, NULL, 3, NULL, 2),
(792, NULL, 3, NULL, 2),
(793, NULL, 3, NULL, 2),
(794, NULL, 3, NULL, 2),
(795, NULL, 3, NULL, 2),
(796, NULL, 3, NULL, 2),
(797, NULL, 3, NULL, 2),
(798, NULL, 3, NULL, 2),
(799, NULL, 3, NULL, 2),
(800, NULL, 3, NULL, 2),
(801, NULL, 3, NULL, 2),
(802, NULL, 3, NULL, 2),
(803, NULL, 3, NULL, 2),
(804, NULL, 3, NULL, 2),
(805, NULL, 3, NULL, 2),
(806, NULL, 3, NULL, 2),
(807, NULL, 3, NULL, 2),
(808, NULL, 3, NULL, 2),
(809, NULL, 3, NULL, 2),
(810, NULL, 3, NULL, 2),
(811, NULL, 3, NULL, 2),
(812, NULL, 3, NULL, 2),
(813, NULL, 3, NULL, 2),
(814, NULL, 3, NULL, 2),
(815, NULL, 3, NULL, 2),
(816, NULL, 3, NULL, 2),
(817, NULL, 3, NULL, 2),
(818, NULL, 3, NULL, 2),
(819, NULL, 3, NULL, 2),
(820, NULL, 3, NULL, 2),
(821, NULL, 3, NULL, 2),
(822, NULL, 3, NULL, 2),
(823, NULL, 3, NULL, 2),
(824, NULL, 3, NULL, 2),
(825, NULL, 3, NULL, 2),
(826, NULL, 3, NULL, 2),
(827, NULL, 3, NULL, 2),
(828, NULL, 3, NULL, 2),
(829, NULL, 3, NULL, 2),
(830, NULL, 3, NULL, 2),
(831, NULL, 3, NULL, 2),
(832, NULL, 3, NULL, 2),
(833, NULL, 3, NULL, 2),
(834, NULL, 3, NULL, 2),
(835, NULL, 3, NULL, 2),
(836, NULL, 3, NULL, 2),
(837, NULL, 3, NULL, 2),
(838, NULL, 3, NULL, 2),
(839, NULL, 3, NULL, 2),
(840, NULL, 3, NULL, 2),
(841, NULL, 3, NULL, 2),
(842, NULL, 3, NULL, 2),
(843, NULL, 3, NULL, 2),
(844, NULL, 3, NULL, 2),
(845, NULL, 3, NULL, 2),
(846, NULL, 3, NULL, 2),
(847, NULL, 3, NULL, 2),
(848, NULL, 3, NULL, 2),
(849, NULL, 3, NULL, 2),
(850, NULL, 3, NULL, 2),
(851, NULL, 3, NULL, 2),
(852, NULL, 3, NULL, 2),
(853, NULL, 3, NULL, 2),
(854, NULL, 3, NULL, 2),
(855, NULL, 3, NULL, 2),
(856, NULL, 3, NULL, 2),
(857, NULL, 3, NULL, 2),
(858, NULL, 3, NULL, 2),
(859, NULL, 3, NULL, 2),
(860, NULL, 3, NULL, 2),
(861, NULL, 3, NULL, 2),
(862, NULL, 3, NULL, 2),
(863, NULL, 3, NULL, 2),
(864, NULL, 3, NULL, 2),
(865, NULL, 3, NULL, 2),
(866, NULL, 3, NULL, 2),
(867, NULL, 3, NULL, 2),
(868, NULL, 3, NULL, 2),
(869, NULL, 3, NULL, 2),
(870, NULL, 3, NULL, 2),
(871, NULL, 3, NULL, 2),
(872, NULL, 3, NULL, 2),
(873, NULL, 3, NULL, 2),
(874, NULL, 3, NULL, 2),
(875, NULL, 3, NULL, 2),
(876, NULL, 3, NULL, 2),
(877, NULL, 3, NULL, 2),
(878, NULL, 3, NULL, 2),
(879, NULL, 3, NULL, 2),
(880, NULL, 3, NULL, 2),
(881, NULL, 3, NULL, 2),
(882, NULL, 3, NULL, 2),
(883, NULL, 3, NULL, 2),
(884, NULL, 3, NULL, 2),
(885, NULL, 3, NULL, 2),
(886, NULL, 3, NULL, 2),
(887, NULL, 3, NULL, 2),
(888, NULL, 3, NULL, 2),
(889, NULL, 3, NULL, 2),
(890, NULL, 3, NULL, 2),
(891, NULL, 3, NULL, 2),
(892, NULL, 3, NULL, 2),
(893, NULL, 3, NULL, 2),
(894, NULL, 3, NULL, 2),
(895, NULL, 3, NULL, 2),
(896, NULL, 3, NULL, 2),
(897, NULL, 3, NULL, 2),
(898, NULL, 3, NULL, 2),
(899, NULL, 3, NULL, 2),
(900, NULL, 3, NULL, 2),
(901, NULL, 3, NULL, 2),
(902, NULL, 3, NULL, 2),
(903, NULL, 3, NULL, 2),
(904, NULL, 3, NULL, 2),
(905, NULL, 3, NULL, 2),
(906, NULL, 3, NULL, 2),
(907, NULL, 3, NULL, 2),
(908, NULL, 3, NULL, 2),
(909, NULL, 3, NULL, 2),
(910, NULL, 3, NULL, 2),
(911, NULL, 3, NULL, 2),
(912, NULL, 3, NULL, 2),
(913, NULL, 3, NULL, 2),
(914, NULL, 3, NULL, 2),
(915, NULL, 3, NULL, 2),
(916, NULL, 3, NULL, 2),
(917, NULL, 3, NULL, 2),
(918, NULL, 3, NULL, 2),
(919, NULL, 3, NULL, 2),
(920, NULL, 3, NULL, 2),
(921, NULL, 3, NULL, 2),
(922, NULL, 3, NULL, 2),
(923, NULL, 3, NULL, 2),
(924, NULL, 3, NULL, 2),
(925, NULL, 3, NULL, 2),
(926, NULL, 3, NULL, 2),
(927, NULL, 3, NULL, 2),
(928, NULL, 3, NULL, 2),
(929, NULL, 3, NULL, 2),
(930, NULL, 3, NULL, 2),
(931, NULL, 3, NULL, 2),
(932, NULL, 3, NULL, 2),
(933, NULL, 3, NULL, 2),
(934, NULL, 3, NULL, 2),
(935, NULL, 3, NULL, 2),
(936, NULL, 3, NULL, 2),
(937, NULL, 3, NULL, 2),
(938, NULL, 3, NULL, 2),
(939, NULL, 3, NULL, 2),
(940, NULL, 3, NULL, 2),
(941, NULL, 3, NULL, 2),
(942, NULL, 3, NULL, 2),
(943, NULL, 3, NULL, 2),
(944, NULL, 3, NULL, 2),
(945, NULL, 3, NULL, 2),
(946, NULL, 3, NULL, 2),
(947, NULL, 3, NULL, 2),
(948, NULL, 3, NULL, 2),
(949, NULL, 3, NULL, 2),
(950, NULL, 3, NULL, 2),
(951, NULL, 3, NULL, 2),
(952, NULL, 3, NULL, 2),
(953, NULL, 3, NULL, 2),
(954, NULL, 3, NULL, 2),
(955, NULL, 3, NULL, 2),
(956, NULL, 3, NULL, 2),
(957, NULL, 3, NULL, 2),
(958, NULL, 3, NULL, 2),
(959, NULL, 3, NULL, 2),
(960, NULL, 3, NULL, 2),
(961, NULL, 3, NULL, 2),
(962, NULL, 3, NULL, 2),
(963, NULL, 3, NULL, 2),
(964, NULL, 3, NULL, 2),
(965, NULL, 3, NULL, 2),
(966, NULL, 3, NULL, 2),
(967, NULL, 3, NULL, 2),
(968, NULL, 3, NULL, 2),
(969, NULL, 3, NULL, 2),
(970, NULL, 3, NULL, 2),
(971, NULL, 3, NULL, 2),
(972, NULL, 3, NULL, 2),
(973, NULL, 3, NULL, 2),
(974, NULL, 3, NULL, 2),
(975, NULL, 3, NULL, 2),
(976, NULL, 3, NULL, 2),
(977, NULL, 3, NULL, 2),
(978, NULL, 3, NULL, 2),
(979, NULL, 3, NULL, 2),
(980, NULL, 3, NULL, 2),
(981, NULL, 3, NULL, 2),
(982, NULL, 3, NULL, 2),
(983, NULL, 3, NULL, 2),
(984, NULL, 3, NULL, 2),
(985, NULL, 3, NULL, 2),
(986, NULL, 3, NULL, 2),
(987, NULL, 3, NULL, 2),
(988, NULL, 3, NULL, 2),
(989, NULL, 3, NULL, 2),
(990, NULL, 3, NULL, 2),
(991, NULL, 3, NULL, 2),
(992, NULL, 3, NULL, 2),
(993, NULL, 3, NULL, 2),
(994, NULL, 3, NULL, 2),
(995, NULL, 3, NULL, 2),
(996, NULL, 3, NULL, 2),
(997, NULL, 3, NULL, 2),
(998, NULL, 3, NULL, 2),
(999, NULL, 3, NULL, 2),
(1000, NULL, 3, NULL, 2),
(1001, NULL, 3, NULL, 2),
(1002, NULL, 3, NULL, 2),
(1003, NULL, 3, NULL, 2),
(1004, NULL, 3, NULL, 2),
(1005, NULL, 3, NULL, 2),
(1006, NULL, 3, NULL, 2),
(1007, NULL, 3, NULL, 2),
(1008, NULL, 3, NULL, 2),
(1009, NULL, 3, NULL, 2),
(1010, NULL, 3, NULL, 2),
(1011, NULL, 3, NULL, 2),
(1012, NULL, 3, NULL, 2),
(1013, NULL, 3, NULL, 2),
(1014, NULL, 3, NULL, 2),
(1015, NULL, 3, NULL, 2),
(1016, NULL, 3, NULL, 2),
(1017, NULL, 3, NULL, 2),
(1018, NULL, 3, NULL, 2),
(1019, NULL, 3, NULL, 2),
(1020, NULL, 3, NULL, 2),
(1021, NULL, 3, NULL, 2),
(1022, NULL, 3, NULL, 2),
(1023, NULL, 3, NULL, 2),
(1024, NULL, 3, NULL, 2),
(1025, NULL, 3, NULL, 2),
(1026, NULL, 3, NULL, 2),
(1027, NULL, 3, NULL, 2),
(1028, NULL, 3, NULL, 2),
(1029, NULL, 3, NULL, 2),
(1030, NULL, 3, NULL, 2),
(1031, NULL, 3, NULL, 2),
(1032, NULL, 3, NULL, 2),
(1033, NULL, 3, NULL, 2),
(1034, NULL, 3, NULL, 2),
(1035, NULL, 3, NULL, 2),
(1036, NULL, 3, NULL, 2),
(1037, NULL, 3, NULL, 2),
(1038, NULL, 3, NULL, 2),
(1039, NULL, 3, NULL, 2),
(1040, NULL, 3, NULL, 2),
(1041, NULL, 3, NULL, 2),
(1042, NULL, 3, NULL, 2),
(1043, NULL, 3, NULL, 2),
(1044, NULL, 3, NULL, 2),
(1045, NULL, 3, NULL, 2),
(1046, NULL, 3, NULL, 2),
(1047, NULL, 3, NULL, 2),
(1048, NULL, 3, NULL, 2),
(1049, NULL, 3, NULL, 2),
(1050, NULL, 3, NULL, 2),
(1051, NULL, 3, NULL, 2),
(1052, NULL, 3, NULL, 2),
(1053, NULL, 3, NULL, 2),
(1054, NULL, 3, NULL, 2),
(1055, NULL, 3, NULL, 2),
(1056, NULL, 3, NULL, 2),
(1057, NULL, 3, NULL, 2),
(1058, NULL, 3, NULL, 2),
(1059, NULL, 3, NULL, 2),
(1060, NULL, 3, NULL, 2),
(1061, NULL, 3, NULL, 2),
(1062, NULL, 3, NULL, 2),
(1063, NULL, 3, NULL, 2),
(1064, NULL, 3, NULL, 2),
(1065, NULL, 3, NULL, 2),
(1066, NULL, 3, NULL, 2),
(1067, NULL, 3, NULL, 2),
(1068, NULL, 3, NULL, 2),
(1069, NULL, 3, NULL, 2),
(1070, NULL, 3, NULL, 2),
(1071, NULL, 3, NULL, 2),
(1072, NULL, 3, NULL, 2),
(1073, NULL, 3, NULL, 2),
(1074, NULL, 3, NULL, 2),
(1075, NULL, 3, NULL, 2),
(1076, NULL, 3, NULL, 2),
(1077, NULL, 3, NULL, 2),
(1078, NULL, 3, NULL, 2),
(1079, NULL, 3, NULL, 2),
(1080, NULL, 3, NULL, 2),
(1081, NULL, 3, NULL, 2),
(1082, NULL, 3, NULL, 2),
(1083, NULL, 3, NULL, 2),
(1084, NULL, 3, NULL, 2),
(1085, NULL, 3, NULL, 2),
(1086, NULL, 3, NULL, 2),
(1087, NULL, 3, NULL, 2),
(1088, NULL, 3, NULL, 2),
(1089, NULL, 3, NULL, 2),
(1090, NULL, 3, NULL, 2),
(1091, NULL, 3, NULL, 2),
(1092, NULL, 3, NULL, 2),
(1093, NULL, 3, NULL, 2),
(1094, NULL, 3, NULL, 2),
(1095, NULL, 3, NULL, 2),
(1096, NULL, 3, NULL, 2),
(1097, NULL, 3, NULL, 2),
(1098, NULL, 3, NULL, 2),
(1099, NULL, 3, NULL, 2),
(1100, NULL, 3, NULL, 2),
(1101, NULL, 3, NULL, 2),
(1102, NULL, 3, NULL, 2),
(1103, NULL, 3, NULL, 2),
(1104, NULL, 3, NULL, 2),
(1105, NULL, 3, NULL, 2),
(1106, NULL, 3, NULL, 2),
(1107, NULL, 3, NULL, 2),
(1108, NULL, 3, NULL, 2),
(1109, NULL, 3, NULL, 2),
(1110, NULL, 3, NULL, 2),
(1111, NULL, 3, NULL, 2),
(1112, NULL, 3, NULL, 2),
(1113, NULL, 3, NULL, 2),
(1114, NULL, 3, NULL, 2),
(1115, NULL, 3, NULL, 2),
(1116, NULL, 3, NULL, 2),
(1117, NULL, 3, NULL, 2),
(1118, NULL, 3, NULL, 2),
(1119, NULL, 3, NULL, 2),
(1120, NULL, 3, NULL, 2),
(1121, NULL, 3, NULL, 2),
(1122, NULL, 3, NULL, 2),
(1123, NULL, 3, NULL, 2),
(1124, NULL, 3, NULL, 2),
(1125, NULL, 3, NULL, 2),
(1126, NULL, 3, NULL, 2),
(1127, NULL, 3, NULL, 2),
(1128, NULL, 3, NULL, 2),
(1129, NULL, 3, NULL, 2),
(1130, NULL, 3, NULL, 2),
(1131, NULL, 3, NULL, 2),
(1132, NULL, 3, NULL, 2),
(1133, NULL, 3, NULL, 2),
(1134, NULL, 3, NULL, 2),
(1135, NULL, 3, NULL, 2),
(1136, NULL, 3, NULL, 2),
(1137, NULL, 3, NULL, 2),
(1138, NULL, 3, NULL, 2),
(1139, NULL, 3, NULL, 2),
(1140, NULL, 3, NULL, 2),
(1141, NULL, 3, NULL, 2),
(1142, NULL, 3, NULL, 2),
(1143, NULL, 3, NULL, 2),
(1144, NULL, 3, NULL, 2),
(1145, NULL, 3, NULL, 2),
(1146, NULL, 3, NULL, 2),
(1147, NULL, 3, NULL, 2),
(1148, NULL, 3, NULL, 2),
(1149, NULL, 3, NULL, 2),
(1150, NULL, 3, NULL, 2),
(1151, NULL, 3, NULL, 2),
(1152, NULL, 3, NULL, 2),
(1153, NULL, 3, NULL, 2),
(1154, NULL, 3, NULL, 2),
(1155, NULL, 3, NULL, 2),
(1156, NULL, 3, NULL, 2),
(1157, NULL, 3, NULL, 2),
(1158, NULL, 3, NULL, 2),
(1159, NULL, 3, NULL, 2),
(1160, NULL, 3, NULL, 2),
(1161, NULL, 3, NULL, 2),
(1162, NULL, 3, NULL, 2),
(1163, NULL, 3, NULL, 2),
(1164, NULL, 3, NULL, 2),
(1165, NULL, 3, NULL, 2),
(1166, NULL, 3, NULL, 2),
(1167, NULL, 3, NULL, 2),
(1168, NULL, 3, NULL, 2),
(1169, NULL, 3, NULL, 2),
(1170, NULL, 3, NULL, 2),
(1171, NULL, 3, NULL, 2),
(1172, NULL, 3, NULL, 2),
(1173, NULL, 3, NULL, 2),
(1174, NULL, 3, NULL, 2),
(1175, NULL, 3, NULL, 2),
(1176, NULL, 3, NULL, 2),
(1177, NULL, 3, NULL, 2),
(1178, NULL, 3, NULL, 2),
(1179, NULL, 3, NULL, 2),
(1180, NULL, 3, NULL, 2),
(1181, NULL, 3, NULL, 2),
(1182, NULL, 3, NULL, 2),
(1183, NULL, 3, NULL, 2),
(1184, NULL, 3, NULL, 2),
(1185, NULL, 3, NULL, 2),
(1186, NULL, 3, NULL, 2),
(1187, NULL, 3, NULL, 2),
(1188, NULL, 3, NULL, 2),
(1189, NULL, 3, NULL, 2),
(1190, NULL, 3, NULL, 2),
(1191, NULL, 3, NULL, 2),
(1192, NULL, 3, NULL, 2),
(1193, NULL, 3, NULL, 2),
(1194, NULL, 3, NULL, 2),
(1195, NULL, 3, NULL, 2),
(1196, NULL, 3, NULL, 2),
(1197, NULL, 3, NULL, 2),
(1198, NULL, 3, NULL, 2),
(1199, NULL, 3, NULL, 2),
(1200, NULL, 3, NULL, 2),
(1201, NULL, 3, NULL, 2),
(1202, NULL, 3, NULL, 2),
(1203, NULL, 3, NULL, 2),
(1204, NULL, 3, NULL, 2),
(1205, NULL, 3, NULL, 2),
(1206, NULL, 3, NULL, 2),
(1207, NULL, 3, NULL, 2),
(1208, NULL, 3, NULL, 2),
(1209, NULL, 3, NULL, 2),
(1210, NULL, 3, NULL, 2),
(1211, NULL, 3, NULL, 2),
(1212, NULL, 3, NULL, 2),
(1213, NULL, 3, NULL, 2),
(1214, NULL, 3, NULL, 2),
(1215, NULL, 3, NULL, 2),
(1216, NULL, 3, NULL, 2),
(1217, NULL, 3, NULL, 2),
(1218, NULL, 3, NULL, 2),
(1219, NULL, 3, NULL, 2),
(1220, NULL, 3, NULL, 2),
(1221, NULL, 3, NULL, 2),
(1222, NULL, 3, NULL, 2),
(1223, NULL, 3, NULL, 2),
(1224, NULL, 3, NULL, 2),
(1225, NULL, 3, NULL, 2),
(1226, NULL, 3, NULL, 2),
(1227, NULL, 3, NULL, 2),
(1228, NULL, 3, NULL, 2),
(1229, NULL, 3, NULL, 2),
(1230, NULL, 3, NULL, 2),
(1231, NULL, 3, NULL, 2),
(1232, NULL, 3, NULL, 2),
(1233, NULL, 3, NULL, 2),
(1234, NULL, 3, NULL, 2),
(1235, NULL, 3, NULL, 2),
(1236, NULL, 3, NULL, 2),
(1237, NULL, 3, NULL, 2),
(1238, NULL, 3, NULL, 2),
(1239, NULL, 3, NULL, 2),
(1240, NULL, 3, NULL, 2),
(1241, NULL, 3, NULL, 2),
(1242, NULL, 3, NULL, 2),
(1243, NULL, 3, NULL, 2),
(1244, NULL, 3, NULL, 2),
(1245, NULL, 3, NULL, 2),
(1246, NULL, 3, NULL, 2),
(1247, NULL, 3, NULL, 2),
(1248, NULL, 3, NULL, 2),
(1249, NULL, 3, NULL, 2),
(1250, NULL, 3, NULL, 2),
(1251, NULL, 3, NULL, 2),
(1252, NULL, 3, NULL, 2),
(1253, NULL, 3, NULL, 2),
(1254, NULL, 3, NULL, 2),
(1255, NULL, 3, NULL, 2),
(1256, NULL, 3, NULL, 2),
(1257, NULL, 3, NULL, 2),
(1258, NULL, 3, NULL, 2),
(1259, NULL, 3, NULL, 2),
(1260, NULL, 3, NULL, 2),
(1261, NULL, 3, NULL, 2),
(1262, NULL, 3, NULL, 2),
(1263, NULL, 3, NULL, 2),
(1264, NULL, 3, NULL, 2),
(1265, NULL, 3, NULL, 2),
(1266, NULL, 3, NULL, 2),
(1267, NULL, 3, NULL, 2),
(1268, NULL, 3, NULL, 2),
(1269, NULL, 3, NULL, 2),
(1270, NULL, 3, NULL, 2),
(1271, NULL, 3, NULL, 2),
(1272, NULL, 3, NULL, 2),
(1273, NULL, 3, NULL, 2),
(1274, NULL, 3, NULL, 2),
(1275, NULL, 3, NULL, 2),
(1276, NULL, 3, NULL, 2),
(1277, NULL, 3, NULL, 2),
(1278, NULL, 3, NULL, 2),
(1279, NULL, 3, NULL, 2),
(1280, NULL, 3, NULL, 2),
(1281, NULL, 3, NULL, 2),
(1282, NULL, 3, NULL, 2),
(1283, NULL, 3, NULL, 2),
(1284, NULL, 3, NULL, 2),
(1285, NULL, 3, NULL, 2),
(1286, NULL, 3, NULL, 2),
(1287, NULL, 3, NULL, 2),
(1288, NULL, 3, NULL, 2),
(1289, NULL, 3, NULL, 2),
(1290, NULL, 3, NULL, 2),
(1291, NULL, 3, NULL, 2),
(1292, NULL, 3, NULL, 2),
(1293, NULL, 3, NULL, 2),
(1294, NULL, 3, NULL, 2),
(1295, NULL, 3, NULL, 2),
(1296, NULL, 3, NULL, 2),
(1297, NULL, 3, NULL, 2),
(1298, NULL, 3, NULL, 2),
(1299, NULL, 3, NULL, 2),
(1300, NULL, 3, NULL, 2),
(1301, NULL, 3, NULL, 2),
(1302, NULL, 3, NULL, 2),
(1303, NULL, 3, NULL, 2),
(1304, NULL, 3, NULL, 2),
(1305, NULL, 3, NULL, 2),
(1306, NULL, 3, NULL, 2),
(1307, NULL, 3, NULL, 2),
(1308, NULL, 3, NULL, 2),
(1309, NULL, 3, NULL, 2),
(1310, NULL, 3, NULL, 2),
(1311, NULL, 3, NULL, 2),
(1312, NULL, 3, NULL, 2),
(1313, NULL, 3, NULL, 2),
(1314, NULL, 3, NULL, 2),
(1315, NULL, 3, NULL, 2),
(1316, NULL, 3, NULL, 2),
(1317, NULL, 3, NULL, 2),
(1318, NULL, 3, NULL, 2),
(1319, NULL, 3, NULL, 2),
(1320, NULL, 3, NULL, 2),
(1321, NULL, 3, NULL, 2),
(1322, NULL, 3, NULL, 2),
(1323, NULL, 3, NULL, 2),
(1324, NULL, 3, NULL, 2),
(1325, NULL, 3, NULL, 2),
(1326, NULL, 3, NULL, 2),
(1327, NULL, 3, NULL, 2),
(1328, NULL, 3, NULL, 2),
(1329, NULL, 3, NULL, 2),
(1330, NULL, 3, NULL, 2),
(1331, NULL, 3, NULL, 2),
(1332, NULL, 3, NULL, 2),
(1333, NULL, 3, NULL, 2),
(1334, NULL, 3, NULL, 2),
(1335, NULL, 3, NULL, 2),
(1336, NULL, 3, NULL, 2),
(1337, NULL, 3, NULL, 2),
(1338, NULL, 3, NULL, 2),
(1339, NULL, 3, NULL, 2),
(1340, NULL, 3, NULL, 2),
(1341, NULL, 3, NULL, 2),
(1342, NULL, 3, NULL, 2),
(1343, NULL, 3, NULL, 2),
(1344, NULL, 3, NULL, 2),
(1345, NULL, 3, NULL, 2),
(1346, NULL, 3, NULL, 2),
(1347, NULL, 3, NULL, 2),
(1348, NULL, 3, NULL, 2),
(1349, NULL, 3, NULL, 2),
(1350, NULL, 3, NULL, 2),
(1351, NULL, 3, NULL, 2),
(1352, NULL, 3, NULL, 2),
(1353, NULL, 3, NULL, 2),
(1354, NULL, 3, NULL, 2),
(1355, NULL, 3, NULL, 2),
(1356, NULL, 3, NULL, 2),
(1357, NULL, 3, NULL, 2),
(1358, NULL, 3, NULL, 2),
(1359, NULL, 3, NULL, 2),
(1360, NULL, 3, NULL, 2),
(1361, NULL, 3, NULL, 2),
(1362, NULL, 3, NULL, 2),
(1363, NULL, 3, NULL, 2),
(1364, NULL, 3, NULL, 2),
(1365, NULL, 3, NULL, 2),
(1366, NULL, 3, NULL, 2),
(1367, NULL, 3, NULL, 2),
(1368, NULL, 3, NULL, 2),
(1369, NULL, 3, NULL, 2),
(1370, NULL, 3, NULL, 2),
(1371, NULL, 3, NULL, 2),
(1372, NULL, 3, NULL, 2),
(1373, NULL, 3, NULL, 2),
(1374, NULL, 3, NULL, 2),
(1375, NULL, 3, NULL, 2),
(1376, NULL, 3, NULL, 2),
(1377, NULL, 3, NULL, 2),
(1378, NULL, 3, NULL, 2),
(1379, NULL, 3, NULL, 2),
(1380, NULL, 3, NULL, 2),
(1381, NULL, 3, NULL, 2),
(1382, NULL, 3, NULL, 2),
(1383, NULL, 3, NULL, 2),
(1384, NULL, 3, NULL, 2),
(1385, NULL, 3, NULL, 2),
(1386, NULL, 3, NULL, 2),
(1387, NULL, 3, NULL, 2),
(1388, NULL, 3, NULL, 2),
(1389, NULL, 3, NULL, 2),
(1390, NULL, 3, NULL, 2),
(1391, NULL, 3, NULL, 2),
(1392, NULL, 3, NULL, 2),
(1393, NULL, 3, NULL, 2),
(1394, NULL, 3, NULL, 2),
(1395, NULL, 3, NULL, 2),
(1396, NULL, 3, NULL, 2),
(1397, NULL, 3, NULL, 2),
(1398, NULL, 3, NULL, 2),
(1399, NULL, 3, NULL, 2),
(1400, NULL, 3, NULL, 2),
(1401, NULL, 3, NULL, 2),
(1402, NULL, 3, NULL, 2),
(1403, NULL, 3, NULL, 2),
(1404, NULL, 3, NULL, 2),
(1405, NULL, 3, NULL, 2),
(1406, NULL, 3, NULL, 2),
(1407, NULL, 3, NULL, 2),
(1408, NULL, 3, NULL, 2),
(1409, NULL, 3, NULL, 2),
(1410, NULL, 3, NULL, 2),
(1411, NULL, 3, NULL, 2),
(1412, NULL, 3, NULL, 2),
(1413, NULL, 3, NULL, 2),
(1414, NULL, 3, NULL, 2),
(1415, NULL, 3, NULL, 2),
(1416, NULL, 3, NULL, 2),
(1417, NULL, 3, NULL, 2),
(1418, NULL, 3, NULL, 2),
(1419, NULL, 3, NULL, 2),
(1420, NULL, 3, NULL, 2),
(1421, NULL, 3, NULL, 2),
(1422, NULL, 3, NULL, 2),
(1423, NULL, 3, NULL, 2),
(1424, NULL, 3, NULL, 2),
(1425, NULL, 3, NULL, 2),
(1426, NULL, 3, NULL, 2),
(1427, NULL, 3, NULL, 2),
(1428, NULL, 3, NULL, 2),
(1429, NULL, 3, NULL, 2),
(1430, NULL, 3, NULL, 2),
(1431, NULL, 3, NULL, 2),
(1432, NULL, 3, NULL, 2),
(1433, NULL, 3, NULL, 2),
(1434, NULL, 3, NULL, 2),
(1435, NULL, 3, NULL, 2),
(1436, NULL, 3, NULL, 2),
(1437, NULL, 3, NULL, 2),
(1438, NULL, 3, NULL, 2),
(1439, NULL, 3, NULL, 2),
(1440, NULL, 3, NULL, 2),
(1441, NULL, 3, NULL, 2),
(1442, NULL, 3, NULL, 2),
(1443, NULL, 3, NULL, 2),
(1444, NULL, 3, NULL, 2),
(1445, NULL, 3, NULL, 2),
(1446, NULL, 3, NULL, 2),
(1447, NULL, 3, NULL, 2),
(1448, NULL, 3, NULL, 2),
(1449, NULL, 3, NULL, 2),
(1450, NULL, 3, NULL, 2),
(1451, NULL, 3, NULL, 2),
(1452, NULL, 3, NULL, 2),
(1453, NULL, 3, NULL, 2),
(1454, NULL, 3, NULL, 2),
(1455, NULL, 3, NULL, 2),
(1456, NULL, 3, NULL, 2),
(1457, NULL, 3, NULL, 2),
(1458, NULL, 3, NULL, 2),
(1459, NULL, 3, NULL, 2),
(1460, NULL, 3, NULL, 2),
(1461, NULL, 3, NULL, 2),
(1462, NULL, 3, NULL, 2),
(1463, NULL, 3, NULL, 2),
(1464, NULL, 3, NULL, 2),
(1465, NULL, 3, NULL, 2),
(1466, NULL, 3, NULL, 2),
(1467, NULL, 3, NULL, 2),
(1468, NULL, 3, NULL, 2),
(1469, NULL, 3, NULL, 2),
(1470, NULL, 3, NULL, 2),
(1471, NULL, 3, NULL, 2),
(1472, NULL, 3, NULL, 2),
(1473, NULL, 3, NULL, 2),
(1474, NULL, 3, NULL, 2),
(1475, NULL, 3, NULL, 2),
(1476, NULL, 3, NULL, 2),
(1477, NULL, 3, NULL, 2),
(1478, NULL, 3, NULL, 2),
(1479, NULL, 3, NULL, 2),
(1480, NULL, 3, NULL, 2),
(1481, NULL, 3, NULL, 2),
(1482, NULL, 3, NULL, 2),
(1483, NULL, 3, NULL, 2),
(1484, NULL, 3, NULL, 2),
(1485, NULL, 3, NULL, 2),
(1486, NULL, 3, NULL, 2),
(1487, NULL, 3, NULL, 2),
(1488, NULL, 3, NULL, 2),
(1489, NULL, 3, NULL, 2),
(1490, NULL, 3, NULL, 2),
(1491, NULL, 3, NULL, 2),
(1492, NULL, 3, NULL, 2),
(1493, NULL, 3, NULL, 2),
(1494, NULL, 3, NULL, 2),
(1495, NULL, 3, NULL, 2),
(1496, NULL, 3, NULL, 2),
(1497, NULL, 3, NULL, 2),
(1498, NULL, 3, NULL, 2),
(1499, NULL, 3, NULL, 2),
(1500, NULL, 3, NULL, 2),
(1501, NULL, 3, NULL, 2),
(1502, NULL, 3, NULL, 2),
(1503, NULL, 3, NULL, 2),
(1504, NULL, 3, NULL, 2),
(1505, NULL, 3, NULL, 2),
(1506, NULL, 3, NULL, 2),
(1507, NULL, 3, NULL, 2),
(1508, NULL, 3, NULL, 2),
(1509, NULL, 3, NULL, 2),
(1510, NULL, 3, NULL, 2),
(1511, NULL, 3, NULL, 2),
(1512, NULL, 3, NULL, 2),
(1513, NULL, 3, NULL, 2),
(1514, NULL, 3, NULL, 2),
(1515, NULL, 3, NULL, 2),
(1516, NULL, 3, NULL, 2),
(1517, NULL, 3, NULL, 2),
(1518, NULL, 3, NULL, 2),
(1519, NULL, 3, NULL, 2),
(1520, NULL, 3, NULL, 2),
(1521, NULL, 3, NULL, 2),
(1522, NULL, 3, NULL, 2),
(1523, NULL, 3, NULL, 2),
(1524, NULL, 3, NULL, 2),
(1525, NULL, 3, NULL, 2),
(1526, NULL, 3, NULL, 2),
(1527, NULL, 3, NULL, 2),
(1528, NULL, 3, NULL, 2),
(1529, NULL, 3, NULL, 2),
(1530, NULL, 3, NULL, 2),
(1531, NULL, 3, NULL, 2),
(1532, NULL, 3, NULL, 2),
(1533, NULL, 3, NULL, 2),
(1534, NULL, 3, NULL, 2),
(1535, NULL, 3, NULL, 2),
(1536, NULL, 3, NULL, 2),
(1537, NULL, 3, NULL, 2),
(1538, NULL, 3, NULL, 2),
(1539, NULL, 3, NULL, 2),
(1540, NULL, 3, NULL, 2),
(1541, NULL, 3, NULL, 2),
(1542, NULL, 3, NULL, 2),
(1543, NULL, 3, NULL, 2),
(1544, NULL, 3, NULL, 2),
(1545, NULL, 3, NULL, 2),
(1546, NULL, 3, NULL, 2),
(1547, NULL, 3, NULL, 2),
(1548, NULL, 3, NULL, 2),
(1549, NULL, 3, NULL, 2),
(1550, NULL, 3, NULL, 2),
(1551, NULL, 3, NULL, 2),
(1552, NULL, 3, NULL, 2),
(1553, NULL, 3, NULL, 2),
(1554, NULL, 3, NULL, 2),
(1555, NULL, 3, NULL, 2),
(1556, NULL, 3, NULL, 2),
(1557, NULL, 3, NULL, 2),
(1558, NULL, 3, NULL, 2),
(1559, NULL, 3, NULL, 2),
(1560, NULL, 3, NULL, 2),
(1561, NULL, 3, NULL, 2),
(1562, NULL, 3, NULL, 2),
(1563, NULL, 3, NULL, 2),
(1564, NULL, 3, NULL, 2),
(1565, NULL, 3, NULL, 2),
(1566, NULL, 3, NULL, 2),
(1567, NULL, 3, NULL, 2),
(1568, NULL, 3, NULL, 2),
(1569, NULL, 3, NULL, 2),
(1570, NULL, 3, NULL, 2),
(1571, NULL, 3, NULL, 2),
(1572, NULL, 3, NULL, 2),
(1573, NULL, 3, NULL, 2),
(1574, NULL, 3, NULL, 2),
(1575, NULL, 3, NULL, 2),
(1576, NULL, 3, NULL, 2),
(1577, NULL, 3, NULL, 2),
(1578, NULL, 3, NULL, 2),
(1579, NULL, 3, NULL, 2),
(1580, NULL, 3, NULL, 2),
(1581, NULL, 3, NULL, 2),
(1582, NULL, 3, NULL, 2),
(1583, NULL, 3, NULL, 2),
(1584, NULL, 3, NULL, 2),
(1585, NULL, 3, NULL, 2),
(1586, NULL, 3, NULL, 2),
(1587, NULL, 3, NULL, 2),
(1588, NULL, 3, NULL, 2),
(1589, NULL, 3, NULL, 2),
(1590, NULL, 3, NULL, 2),
(1591, NULL, 3, NULL, 2),
(1592, NULL, 3, NULL, 2),
(1593, NULL, 3, NULL, 2),
(1594, NULL, 3, NULL, 2),
(1595, NULL, 3, NULL, 2),
(1596, NULL, 3, NULL, 2),
(1597, NULL, 3, NULL, 2),
(1598, NULL, 3, NULL, 2),
(1599, NULL, 3, NULL, 2),
(1600, NULL, 3, NULL, 2),
(1601, NULL, 3, NULL, 2),
(1602, NULL, 3, NULL, 2),
(1603, NULL, 3, NULL, 2),
(1604, NULL, 3, NULL, 2),
(1605, NULL, 3, NULL, 2),
(1606, NULL, 3, NULL, 2),
(1607, NULL, 3, NULL, 2),
(1608, NULL, 3, NULL, 2),
(1609, NULL, 3, NULL, 2),
(1610, NULL, 3, NULL, 2),
(1611, NULL, 3, NULL, 2),
(1612, NULL, 3, NULL, 2),
(1613, NULL, 3, NULL, 2),
(1614, NULL, 3, NULL, 2),
(1615, NULL, 3, NULL, 2),
(1616, NULL, 3, NULL, 2),
(1617, NULL, 3, NULL, 2),
(1618, NULL, 3, NULL, 2),
(1619, NULL, 3, NULL, 2),
(1620, NULL, 3, NULL, 2),
(1621, NULL, 3, NULL, 2),
(1622, NULL, 3, NULL, 2),
(1623, NULL, 3, NULL, 2),
(1624, NULL, 3, NULL, 2),
(1625, NULL, 3, NULL, 2),
(1626, NULL, 3, NULL, 2),
(1627, NULL, 3, NULL, 2),
(1628, NULL, 3, NULL, 2),
(1629, NULL, 3, NULL, 2),
(1630, NULL, 3, NULL, 2),
(1631, NULL, 3, NULL, 2),
(1632, NULL, 3, NULL, 2),
(1633, NULL, 3, NULL, 2),
(1634, NULL, 3, NULL, 2),
(1635, NULL, 3, NULL, 2),
(1636, NULL, 3, NULL, 2),
(1637, NULL, 3, NULL, 2),
(1638, NULL, 3, NULL, 2),
(1639, NULL, 3, NULL, 2),
(1640, NULL, 3, NULL, 2),
(1641, NULL, 3, NULL, 2),
(1642, NULL, 3, NULL, 2),
(1643, NULL, 3, NULL, 2),
(1644, NULL, 3, NULL, 2),
(1645, NULL, 3, NULL, 2),
(1646, NULL, 3, NULL, 2),
(1647, NULL, 3, NULL, 2),
(1648, NULL, 3, NULL, 2),
(1649, NULL, 3, NULL, 2),
(1650, NULL, 3, NULL, 2),
(1651, NULL, 3, NULL, 2),
(1652, NULL, 3, NULL, 2),
(1653, NULL, 3, NULL, 2),
(1654, NULL, 3, NULL, 2),
(1655, NULL, 3, NULL, 2),
(1656, NULL, 3, NULL, 2),
(1657, NULL, 3, NULL, 2),
(1658, NULL, 3, NULL, 2),
(1659, NULL, 3, NULL, 2),
(1660, NULL, 3, NULL, 2),
(1661, NULL, 3, NULL, 2),
(1662, NULL, 3, NULL, 2),
(1663, NULL, 3, NULL, 2),
(1664, NULL, 3, NULL, 2),
(1665, NULL, 3, NULL, 2),
(1666, NULL, 3, NULL, 2),
(1667, NULL, 3, NULL, 2),
(1668, NULL, 3, NULL, 2),
(1669, NULL, 3, NULL, 2),
(1670, NULL, 3, NULL, 2),
(1671, NULL, 3, NULL, 2),
(1672, NULL, 3, NULL, 2),
(1673, NULL, 3, NULL, 2),
(1674, NULL, 3, NULL, 2),
(1675, NULL, 3, NULL, 2),
(1676, NULL, 3, NULL, 2),
(1677, NULL, 3, NULL, 2),
(1678, NULL, 3, NULL, 2),
(1679, NULL, 3, NULL, 2),
(1680, NULL, 3, NULL, 2),
(1681, NULL, 3, NULL, 2),
(1682, NULL, 3, NULL, 2),
(1683, NULL, 3, NULL, 2),
(1684, NULL, 3, NULL, 2),
(1685, NULL, 3, NULL, 2),
(1686, NULL, 3, NULL, 2),
(1687, NULL, 3, NULL, 2),
(1688, NULL, 3, NULL, 2),
(1689, NULL, 3, NULL, 2),
(1690, NULL, 3, NULL, 2),
(1691, NULL, 3, NULL, 2),
(1692, NULL, 3, NULL, 2),
(1693, NULL, 3, NULL, 2),
(1694, NULL, 3, NULL, 2),
(1695, NULL, 3, NULL, 2),
(1696, NULL, 3, NULL, 2),
(1697, NULL, 3, NULL, 2),
(1698, NULL, 3, NULL, 2),
(1699, NULL, 3, NULL, 2),
(1700, NULL, 3, NULL, 2),
(1701, NULL, 3, NULL, 2),
(1702, NULL, 3, NULL, 2),
(1703, NULL, 3, NULL, 2),
(1704, NULL, 3, NULL, 2),
(1705, NULL, 3, NULL, 2),
(1706, NULL, 3, NULL, 2),
(1707, NULL, 3, NULL, 2),
(1708, NULL, 3, NULL, 2),
(1709, NULL, 3, NULL, 2),
(1710, NULL, 3, NULL, 2),
(1711, NULL, 3, NULL, 2),
(1712, NULL, 3, NULL, 2),
(1713, NULL, 3, NULL, 2),
(1714, NULL, 3, NULL, 2),
(1715, NULL, 3, NULL, 2),
(1716, NULL, 3, NULL, 2),
(1717, NULL, 3, NULL, 2),
(1718, NULL, 3, NULL, 2),
(1719, NULL, 3, NULL, 2),
(1720, NULL, 3, NULL, 2),
(1721, NULL, 3, NULL, 2),
(1722, NULL, 3, NULL, 2),
(1723, NULL, 3, NULL, 2),
(1724, NULL, 3, NULL, 2),
(1725, NULL, 3, NULL, 2),
(1726, NULL, 3, NULL, 2),
(1727, NULL, 3, NULL, 2),
(1728, NULL, 3, NULL, 2),
(1729, NULL, 3, NULL, 2),
(1730, NULL, 3, NULL, 2),
(1731, NULL, 3, NULL, 2),
(1732, NULL, 3, NULL, 2),
(1733, NULL, 3, NULL, 2),
(1734, NULL, 3, NULL, 2),
(1735, NULL, 3, NULL, 2),
(1736, NULL, 3, NULL, 2),
(1737, NULL, 3, NULL, 2),
(1738, NULL, 3, NULL, 2),
(1739, NULL, 3, NULL, 2),
(1740, NULL, 3, NULL, 2),
(1741, NULL, 3, NULL, 2),
(1742, NULL, 3, NULL, 2),
(1743, NULL, 3, NULL, 2),
(1744, NULL, 3, NULL, 2),
(1745, NULL, 3, NULL, 2),
(1746, NULL, 3, NULL, 2),
(1747, NULL, 3, NULL, 2),
(1748, NULL, 3, NULL, 2),
(1749, NULL, 3, NULL, 2),
(1750, NULL, 3, NULL, 2),
(1751, NULL, 3, NULL, 2),
(1752, NULL, 3, NULL, 2),
(1753, NULL, 3, NULL, 2),
(1754, NULL, 3, NULL, 2),
(1755, NULL, 3, NULL, 2),
(1756, NULL, 3, NULL, 2),
(1757, NULL, 3, NULL, 2),
(1758, NULL, 3, NULL, 2),
(1759, NULL, 3, NULL, 2),
(1760, NULL, 3, NULL, 2),
(1761, NULL, 3, NULL, 2),
(1762, NULL, 3, NULL, 2),
(1763, NULL, 3, NULL, 2),
(1764, NULL, 3, NULL, 2),
(1765, NULL, 3, NULL, 2),
(1766, NULL, 3, NULL, 2),
(1767, NULL, 3, NULL, 2),
(1768, NULL, 3, NULL, 2),
(1769, NULL, 3, NULL, 2),
(1770, NULL, 3, NULL, 2),
(1771, NULL, 3, NULL, 2),
(1772, NULL, 3, NULL, 2),
(1773, NULL, 3, NULL, 2),
(1774, NULL, 3, NULL, 2),
(1775, NULL, 3, NULL, 2),
(1776, NULL, 3, NULL, 2),
(1777, NULL, 3, NULL, 2),
(1778, NULL, 3, NULL, 2),
(1779, NULL, 3, NULL, 2),
(1780, NULL, 3, NULL, 2),
(1781, NULL, 3, NULL, 2),
(1782, NULL, 3, NULL, 2),
(1783, NULL, 3, NULL, 2),
(1784, NULL, 3, NULL, 2),
(1785, NULL, 3, NULL, 2),
(1786, NULL, 3, NULL, 2),
(1787, NULL, 3, NULL, 2),
(1788, NULL, 3, NULL, 2),
(1789, NULL, 3, NULL, 2),
(1790, NULL, 3, NULL, 2),
(1791, NULL, 3, NULL, 2),
(1792, NULL, 3, NULL, 2),
(1793, NULL, 3, NULL, 2),
(1794, NULL, 3, NULL, 2),
(1795, NULL, 3, NULL, 2),
(1796, NULL, 3, NULL, 2),
(1797, NULL, 3, NULL, 2),
(1798, NULL, 3, NULL, 2),
(1799, NULL, 3, NULL, 2),
(1800, NULL, 3, NULL, 2),
(1801, NULL, 3, NULL, 2),
(1802, NULL, 3, NULL, 2),
(1803, NULL, 3, NULL, 2),
(1804, NULL, 3, NULL, 2),
(1805, NULL, 3, NULL, 2),
(1806, NULL, 3, NULL, 2),
(1807, NULL, 3, NULL, 2),
(1808, NULL, 3, NULL, 2),
(1809, NULL, 3, NULL, 2),
(1810, NULL, 3, NULL, 2),
(1811, NULL, 3, NULL, 2),
(1812, NULL, 3, NULL, 2),
(1813, NULL, 3, NULL, 2),
(1814, NULL, 3, NULL, 2),
(1815, NULL, 3, NULL, 2),
(1816, NULL, 3, NULL, 2),
(1817, NULL, 3, NULL, 2),
(1818, NULL, 3, NULL, 2),
(1819, NULL, 3, NULL, 2),
(1820, NULL, 3, NULL, 2),
(1821, NULL, 3, NULL, 2),
(1822, NULL, 3, NULL, 2),
(1823, NULL, 3, NULL, 2),
(1824, NULL, 3, NULL, 2),
(1825, NULL, 3, NULL, 2),
(1826, NULL, 3, NULL, 2),
(1827, NULL, 3, NULL, 2),
(1828, NULL, 3, NULL, 2),
(1829, NULL, 3, NULL, 2),
(1830, NULL, 3, NULL, 2),
(1831, NULL, 3, NULL, 2),
(1832, NULL, 3, NULL, 2),
(1833, NULL, 3, NULL, 2),
(1834, NULL, 3, NULL, 2),
(1835, NULL, 3, NULL, 2),
(1836, NULL, 3, NULL, 2),
(1837, NULL, 3, NULL, 2),
(1838, NULL, 3, NULL, 2),
(1839, NULL, 3, NULL, 2),
(1840, NULL, 3, NULL, 2),
(1841, NULL, 3, NULL, 2),
(1842, NULL, 3, NULL, 2),
(1843, NULL, 3, NULL, 2),
(1844, NULL, 3, NULL, 2),
(1845, NULL, 3, NULL, 2),
(1846, NULL, 3, NULL, 2),
(1847, NULL, 3, NULL, 2),
(1848, NULL, 3, NULL, 2),
(1849, NULL, 3, NULL, 2),
(1850, NULL, 3, NULL, 2),
(1851, NULL, 3, NULL, 2),
(1852, NULL, 3, NULL, 2),
(1853, NULL, 3, NULL, 2),
(1854, NULL, 3, NULL, 2),
(1855, NULL, 3, NULL, 2),
(1856, NULL, 3, NULL, 2),
(1857, NULL, 3, NULL, 2),
(1858, NULL, 3, NULL, 2),
(1859, NULL, 3, NULL, 2),
(1860, NULL, 3, NULL, 2),
(1861, NULL, 3, NULL, 2),
(1862, NULL, 3, NULL, 2),
(1863, NULL, 3, NULL, 2),
(1864, NULL, 3, NULL, 2),
(1865, NULL, 3, NULL, 2),
(1866, NULL, 3, NULL, 2),
(1867, NULL, 3, NULL, 2),
(1868, NULL, 3, NULL, 2),
(1869, NULL, 3, NULL, 2),
(1870, NULL, 3, NULL, 2),
(1871, NULL, 3, NULL, 2),
(1872, NULL, 3, NULL, 2),
(1873, NULL, 3, NULL, 2),
(1874, NULL, 3, NULL, 2),
(1875, NULL, 3, NULL, 2),
(1876, NULL, 3, NULL, 2),
(2, NULL, 3, 1, 1),
(3, NULL, 3, 1, 2),
(5, NULL, 3, 1, 3),
(1, NULL, 3, 2, 1),
(4, NULL, 3, 2, 2),
(6, NULL, 3, 2, 3),
(7, NULL, 4, 1, 1),
(9, NULL, 4, 1, 2),
(8, NULL, 4, 2, 1),
(10, NULL, 4, 2, 2);

-- --------------------------------------------------------

--
-- Struktur dari tabel `kelas_aktif`
--

CREATE TABLE IF NOT EXISTS `kelas_aktif` (
  `id` int(11) NOT NULL AUTO_INCREMENT,
  `kuota` int(10) NOT NULL,
  `keterangan` varchar(32) DEFAULT NULL,
  `id_kelas` int(11) NOT NULL,
  `id_tahun_ajaran` int(10) NOT NULL,
  `id_guru_walikelas` int(10) NOT NULL,
  `id_kelas_paralel` int(11) NOT NULL,
  PRIMARY KEY (`id`),
  UNIQUE KEY `kelas_ta_const` (`id_kelas`,`id_tahun_ajaran`,`id_guru_walikelas`,`id_kelas_paralel`),
  UNIQUE KEY `tahunAjaran` (`id_tahun_ajaran`,`id_guru_walikelas`),
  UNIQUE KEY `id_kelas` (`id_kelas`,`id_kelas_paralel`),
  KEY `FKB6C2FCA362A78BC4` (`id_guru_walikelas`),
  KEY `FKB6C2FCA34447A820` (`id_kelas`),
  KEY `FKB6C2FCA37E63A462` (`id_tahun_ajaran`),
  KEY `FKkelasaktif652984` (`id_kelas_paralel`)
) ENGINE=InnoDB  DEFAULT CHARSET=latin1 AUTO_INCREMENT=15 ;

--
-- Dumping data untuk tabel `kelas_aktif`
--

INSERT INTO `kelas_aktif` (`id`, `kuota`, `keterangan`, `id_kelas`, `id_tahun_ajaran`, `id_guru_walikelas`, `id_kelas_paralel`) VALUES
(10, 40, 'asdsad', 2, 7, 2, 1),
(11, 50, 'asdsad', 1, 8, 2, 1),
(12, 40, '11', 2, 7, 4, 2),
(13, 50, 'asdjasd', 3, 7, 5, 1),
(14, 50, 'tdt', 2, 7, 7, 3);

-- --------------------------------------------------------

--
-- Struktur dari tabel `kelas_paralel`
--

CREATE TABLE IF NOT EXISTS `kelas_paralel` (
  `id` int(11) NOT NULL AUTO_INCREMENT,
  `nama` varchar(2) DEFAULT NULL,
  PRIMARY KEY (`id`)
) ENGINE=InnoDB  DEFAULT CHARSET=latin1 AUTO_INCREMENT=6 ;

--
-- Dumping data untuk tabel `kelas_paralel`
--

INSERT INTO `kelas_paralel` (`id`, `nama`) VALUES
(1, 'A'),
(2, 'B'),
(3, 'C'),
(4, 'D'),
(5, 'E');

-- --------------------------------------------------------

--
-- Struktur dari tabel `kurikulum`
--

CREATE TABLE IF NOT EXISTS `kurikulum` (
  `id` int(10) NOT NULL AUTO_INCREMENT,
  `diskripsi` varchar(50) DEFAULT NULL,
  `tahun` varchar(15) DEFAULT NULL,
  PRIMARY KEY (`id`)
) ENGINE=InnoDB  DEFAULT CHARSET=latin1 AUTO_INCREMENT=6 ;

--
-- Dumping data untuk tabel `kurikulum`
--

INSERT INTO `kurikulum` (`id`, `diskripsi`, `tahun`) VALUES
(3, 'KTSP', '2007'),
(4, 'tes2', '2012'),
(5, 'TES', '2011');

-- --------------------------------------------------------

--
-- Struktur dari tabel `mapel`
--

CREATE TABLE IF NOT EXISTS `mapel` (
  `id` int(11) NOT NULL AUTO_INCREMENT,
  `kd_mapel` varchar(10) DEFAULT NULL,
  `diskripsi` varchar(50) DEFAULT NULL,
  `kkm` int(10) NOT NULL,
  `nama` varchar(25) DEFAULT NULL,
  `status` tinyint(1) NOT NULL,
  PRIMARY KEY (`id`),
  UNIQUE KEY `kd_mapel` (`kd_mapel`)
) ENGINE=InnoDB  DEFAULT CHARSET=latin1 AUTO_INCREMENT=6 ;

--
-- Dumping data untuk tabel `mapel`
--

INSERT INTO `mapel` (`id`, `kd_mapel`, `diskripsi`, `kkm`, `nama`, `status`) VALUES
(1, 'MTK', 'ilmu hitung', 60, 'Matematika', 1),
(2, 'BIND', 'Bahasa Indonesia', 60, 'Bahasa Indonesia', 1),
(3, 'BING', 'Bahasa Inggris', 10, 'Bahasa Inggris', 1),
(4, 'FSK', 'sadlnasd', 10, 'Fisika', 1),
(5, 'IPS', 'Sosial', 75, 'Ilmu Pengetahuan Sosial', 1);

-- --------------------------------------------------------

--
-- Struktur dari tabel `mapel_kelas_aktif`
--

CREATE TABLE IF NOT EXISTS `mapel_kelas_aktif` (
  `id` int(10) NOT NULL AUTO_INCREMENT,
  `id_guru_pengampu` int(10) DEFAULT NULL,
  `id_kelas_aktif` int(11) DEFAULT NULL,
  `id_mapel` int(11) DEFAULT NULL,
  `kkm` decimal(11,2) NOT NULL,
  PRIMARY KEY (`id`),
  UNIQUE KEY `id_kelas_aktif_2` (`id_kelas_aktif`,`id_mapel`),
  KEY `FK66D3BA00FDF94991` (`id_guru_pengampu`),
  KEY `FK66D3BA0041B77D91` (`id_mapel`)
) ENGINE=InnoDB  DEFAULT CHARSET=latin1 AUTO_INCREMENT=35 ;

--
-- Dumping data untuk tabel `mapel_kelas_aktif`
--

INSERT INTO `mapel_kelas_aktif` (`id`, `id_guru_pengampu`, `id_kelas_aktif`, `id_mapel`, `kkm`) VALUES
(14, 2, 10, 1, 60.00),
(15, 2, 10, 2, 60.00),
(16, 4, 10, 3, 10.00),
(17, 4, 10, 4, 70.00),
(18, 2, 11, 1, 60.00),
(19, NULL, 11, 2, 60.00),
(20, NULL, 11, 3, 10.00),
(21, NULL, 11, 4, 10.00),
(23, 2, 12, 1, 60.00),
(24, 7, 12, 2, 60.00),
(25, 4, 12, 3, 10.00),
(26, 5, 12, 4, 70.00),
(27, NULL, 13, 1, 60.00),
(28, NULL, 13, 2, 60.00),
(29, NULL, 13, 3, 10.00),
(30, NULL, 13, 4, 10.00),
(31, NULL, 14, 1, 60.00),
(32, NULL, 14, 2, 60.00),
(33, NULL, 14, 3, 10.00),
(34, NULL, 14, 4, 20.00);

-- --------------------------------------------------------

--
-- Struktur dari tabel `mapel_kelas_ref`
--

CREATE TABLE IF NOT EXISTS `mapel_kelas_ref` (
  `id_kelas` int(11) NOT NULL,
  `id_mapel` int(11) NOT NULL,
  `kkm` decimal(11,2) NOT NULL,
  PRIMARY KEY (`id_kelas`,`id_mapel`),
  KEY `FK8F1E83D6A775C2C8` (`id_kelas`),
  KEY `FK8F1E83D67CAA0E28` (`id_mapel`)
) ENGINE=InnoDB DEFAULT CHARSET=latin1;

--
-- Dumping data untuk tabel `mapel_kelas_ref`
--

INSERT INTO `mapel_kelas_ref` (`id_kelas`, `id_mapel`, `kkm`) VALUES
(1, 1, 60.00),
(1, 2, 60.00),
(1, 3, 10.00),
(1, 4, 10.00),
(2, 1, 60.00),
(2, 2, 60.00),
(2, 3, 10.00),
(2, 4, 20.00),
(3, 1, 60.00),
(3, 2, 60.00),
(3, 3, 10.00),
(3, 4, 10.00),
(4, 1, 60.00),
(4, 2, 60.00),
(4, 3, 80.00),
(4, 4, 50.00),
(5, 1, 60.00),
(5, 2, 60.00),
(5, 3, 10.00),
(5, 4, 10.00),
(6, 1, 0.00),
(6, 2, 0.00),
(6, 3, 0.00),
(6, 4, 0.00);

-- --------------------------------------------------------

--
-- Struktur dari tabel `nilai_ekstrakurikuler`
--

CREATE TABLE IF NOT EXISTS `nilai_ekstrakurikuler` (
  `id_predikat` varchar(2) DEFAULT NULL,
  `id_rapor` int(10) NOT NULL DEFAULT '0',
  `id_ekstrakurikuler` int(10) NOT NULL,
  PRIMARY KEY (`id_rapor`,`id_ekstrakurikuler`),
  UNIQUE KEY `id_predikat` (`id_predikat`),
  KEY `FKFDF42E0C2E42CC3A` (`id_ekstrakurikuler`),
  KEY `FKFDF42E0C5852C04B` (`id_rapor`)
) ENGINE=InnoDB DEFAULT CHARSET=latin1;

--
-- Dumping data untuk tabel `nilai_ekstrakurikuler`
--

INSERT INTO `nilai_ekstrakurikuler` (`id_predikat`, `id_rapor`, `id_ekstrakurikuler`) VALUES
('A', 18, 1),
('B', 18, 3);

-- --------------------------------------------------------

--
-- Struktur dari tabel `nilai_siswa`
--

CREATE TABLE IF NOT EXISTS `nilai_siswa` (
  `id_rapor` int(11) NOT NULL,
  `id_mapel_kelas_aktif` int(11) NOT NULL,
  `nilai` decimal(11,2) NOT NULL,
  `deskripsi_kemajuan_belajar` varchar(50) NOT NULL,
  PRIMARY KEY (`id_rapor`,`id_mapel_kelas_aktif`),
  KEY `id_mapel_kelas_aktif` (`id_mapel_kelas_aktif`)
) ENGINE=InnoDB DEFAULT CHARSET=latin1;

--
-- Dumping data untuk tabel `nilai_siswa`
--

INSERT INTO `nilai_siswa` (`id_rapor`, `id_mapel_kelas_aktif`, `nilai`, `deskripsi_kemajuan_belajar`) VALUES
(16, 23, 10.00, ''),
(17, 23, 11.00, ''),
(18, 14, 8.00, 'tes'),
(18, 15, 8.00, ''),
(18, 16, 7.00, ''),
(18, 17, 7.00, '');

-- --------------------------------------------------------

--
-- Struktur dari tabel `outbox`
--

CREATE TABLE IF NOT EXISTS `outbox` (
  `UpdatedInDB` timestamp NOT NULL DEFAULT CURRENT_TIMESTAMP ON UPDATE CURRENT_TIMESTAMP,
  `InsertIntoDB` timestamp NOT NULL DEFAULT '0000-00-00 00:00:00',
  `SendingDateTime` timestamp NOT NULL DEFAULT '0000-00-00 00:00:00',
  `SendBefore` time NOT NULL DEFAULT '23:59:59',
  `SendAfter` time NOT NULL DEFAULT '00:00:00',
  `Text` text,
  `DestinationNumber` varchar(20) NOT NULL DEFAULT '',
  `Coding` enum('Default_No_Compression','Unicode_No_Compression','8bit','Default_Compression','Unicode_Compression') NOT NULL DEFAULT 'Default_No_Compression',
  `UDH` text,
  `Class` int(11) DEFAULT '-1',
  `TextDecoded` text NOT NULL,
  `ID` int(10) unsigned NOT NULL AUTO_INCREMENT,
  `MultiPart` enum('false','true') DEFAULT 'false',
  `RelativeValidity` int(11) DEFAULT '-1',
  `SenderID` varchar(255) DEFAULT NULL,
  `SendingTimeOut` timestamp NULL DEFAULT '0000-00-00 00:00:00',
  `DeliveryReport` enum('default','yes','no') DEFAULT 'default',
  `CreatorID` text NOT NULL,
  PRIMARY KEY (`ID`),
  KEY `outbox_date` (`SendingDateTime`,`SendingTimeOut`),
  KEY `outbox_sender` (`SenderID`)
) ENGINE=MyISAM  DEFAULT CHARSET=utf8 AUTO_INCREMENT=34 ;

--
-- Dumping data untuk tabel `outbox`
--


--
-- Trigger `outbox`
--
DROP TRIGGER IF EXISTS `outbox_timestamp`;
DELIMITER //
CREATE TRIGGER `outbox_timestamp` BEFORE INSERT ON `outbox`
 FOR EACH ROW BEGIN
    IF NEW.InsertIntoDB = '0000-00-00 00:00:00' THEN
        SET NEW.InsertIntoDB = CURRENT_TIMESTAMP();
    END IF;
    IF NEW.SendingDateTime = '0000-00-00 00:00:00' THEN
        SET NEW.SendingDateTime = CURRENT_TIMESTAMP();
    END IF;
    IF NEW.SendingTimeOut = '0000-00-00 00:00:00' THEN
        SET NEW.SendingTimeOut = CURRENT_TIMESTAMP();
    END IF;
END
//
DELIMITER ;

-- --------------------------------------------------------

--
-- Struktur dari tabel `outbox_multipart`
--

CREATE TABLE IF NOT EXISTS `outbox_multipart` (
  `Text` text,
  `Coding` enum('Default_No_Compression','Unicode_No_Compression','8bit','Default_Compression','Unicode_Compression') NOT NULL DEFAULT 'Default_No_Compression',
  `UDH` text,
  `Class` int(11) DEFAULT '-1',
  `TextDecoded` text,
  `ID` int(10) unsigned NOT NULL DEFAULT '0',
  `SequencePosition` int(11) NOT NULL DEFAULT '1',
  PRIMARY KEY (`ID`,`SequencePosition`)
) ENGINE=MyISAM DEFAULT CHARSET=utf8;

--
-- Dumping data untuk tabel `outbox_multipart`
--


-- --------------------------------------------------------

--
-- Struktur dari tabel `pbk`
--

CREATE TABLE IF NOT EXISTS `pbk` (
  `ID` int(11) NOT NULL AUTO_INCREMENT,
  `GroupID` int(11) NOT NULL DEFAULT '-1',
  `Name` text NOT NULL,
  `Number` text NOT NULL,
  PRIMARY KEY (`ID`)
) ENGINE=MyISAM DEFAULT CHARSET=utf8 AUTO_INCREMENT=1 ;

--
-- Dumping data untuk tabel `pbk`
--


-- --------------------------------------------------------

--
-- Struktur dari tabel `pbk_groups`
--

CREATE TABLE IF NOT EXISTS `pbk_groups` (
  `Name` text NOT NULL,
  `ID` int(11) NOT NULL AUTO_INCREMENT,
  PRIMARY KEY (`ID`)
) ENGINE=MyISAM DEFAULT CHARSET=utf8 AUTO_INCREMENT=1 ;

--
-- Dumping data untuk tabel `pbk_groups`
--


-- --------------------------------------------------------

--
-- Struktur dari tabel `phones`
--

CREATE TABLE IF NOT EXISTS `phones` (
  `ID` text NOT NULL,
  `UpdatedInDB` timestamp NOT NULL DEFAULT CURRENT_TIMESTAMP ON UPDATE CURRENT_TIMESTAMP,
  `InsertIntoDB` timestamp NOT NULL DEFAULT '0000-00-00 00:00:00',
  `TimeOut` timestamp NOT NULL DEFAULT '0000-00-00 00:00:00',
  `Send` enum('yes','no') NOT NULL DEFAULT 'no',
  `Receive` enum('yes','no') NOT NULL DEFAULT 'no',
  `IMEI` varchar(35) NOT NULL,
  `Client` text NOT NULL,
  `Battery` int(11) NOT NULL DEFAULT '-1',
  `Signal` int(11) NOT NULL DEFAULT '-1',
  `Sent` int(11) NOT NULL DEFAULT '0',
  `Received` int(11) NOT NULL DEFAULT '0',
  PRIMARY KEY (`IMEI`)
) ENGINE=MyISAM DEFAULT CHARSET=utf8;

--
-- Dumping data untuk tabel `phones`
--

INSERT INTO `phones` (`ID`, `UpdatedInDB`, `InsertIntoDB`, `TimeOut`, `Send`, `Receive`, `IMEI`, `Client`, `Battery`, `Signal`, `Sent`, `Received`) VALUES
('phone1', '2013-03-16 15:32:40', '2013-03-16 15:07:19', '2013-03-16 15:32:50', 'yes', 'yes', '357943034467001', 'Gammu 1.32.0, Windows Server 2007, GCC 4.7, MinGW 3.11', 0, 30, 1, 1);

--
-- Trigger `phones`
--
DROP TRIGGER IF EXISTS `phones_timestamp`;
DELIMITER //
CREATE TRIGGER `phones_timestamp` BEFORE INSERT ON `phones`
 FOR EACH ROW BEGIN
    IF NEW.InsertIntoDB = '0000-00-00 00:00:00' THEN
        SET NEW.InsertIntoDB = CURRENT_TIMESTAMP();
    END IF;
    IF NEW.TimeOut = '0000-00-00 00:00:00' THEN
        SET NEW.TimeOut = CURRENT_TIMESTAMP();
    END IF;
END
//
DELIMITER ;

-- --------------------------------------------------------

--
-- Struktur dari tabel `predikat`
--

CREATE TABLE IF NOT EXISTS `predikat` (
  `kd` varchar(2) NOT NULL,
  `predikat` varchar(15) NOT NULL,
  PRIMARY KEY (`kd`)
) ENGINE=InnoDB DEFAULT CHARSET=latin1;

--
-- Dumping data untuk tabel `predikat`
--

INSERT INTO `predikat` (`kd`, `predikat`) VALUES
('A', 'Baik Sekali'),
('B', 'Baik'),
('C', 'Cukup'),
('D', 'Kurang'),
('E', 'Sangat Kurang');

-- --------------------------------------------------------

--
-- Struktur dari tabel `rapor`
--

CREATE TABLE IF NOT EXISTS `rapor` (
  `id` int(10) NOT NULL AUTO_INCREMENT,
  `catatan_orang_tua` varchar(255) DEFAULT NULL,
  `id_predikat_kelakuan` varchar(2) DEFAULT NULL,
  `id_predikat_kerajinan` varchar(2) DEFAULT NULL,
  `id_predikat_kerapian` varchar(2) DEFAULT NULL,
  `pernyataan` varchar(255) DEFAULT NULL,
  `rangking` int(10) NOT NULL DEFAULT '0',
  `status` varchar(5) DEFAULT NULL,
  `alpha` int(10) DEFAULT NULL,
  `ijin` int(10) DEFAULT NULL,
  `sakit` int(10) DEFAULT NULL,
  `id_kelas_aktif` int(11) DEFAULT NULL,
  `id_siswa` int(10) DEFAULT NULL,
  `id_tahun_ajaran` int(10) DEFAULT NULL,
  PRIMARY KEY (`id`),
  UNIQUE KEY `siswa` (`id_siswa`,`id_tahun_ajaran`),
  UNIQUE KEY `id_kelas_aktif` (`id_kelas_aktif`,`id_siswa`),
  UNIQUE KEY `id_predikat_kelakuan` (`id_predikat_kelakuan`),
  UNIQUE KEY `id_predikat_kerapian` (`id_predikat_kerapian`),
  UNIQUE KEY `id_predikat_kerajinan` (`id_predikat_kerajinan`),
  KEY `FK4B151A4119267DA` (`id_kelas_aktif`),
  KEY `FK4B151A49FC9130E` (`id_siswa`),
  KEY `FK4B151A47E63A462` (`id_tahun_ajaran`)
) ENGINE=InnoDB  DEFAULT CHARSET=latin1 AUTO_INCREMENT=19 ;

--
-- Dumping data untuk tabel `rapor`
--

INSERT INTO `rapor` (`id`, `catatan_orang_tua`, `id_predikat_kelakuan`, `id_predikat_kerajinan`, `id_predikat_kerapian`, `pernyataan`, `rangking`, `status`, `alpha`, `ijin`, `sakit`, `id_kelas_aktif`, `id_siswa`, `id_tahun_ajaran`) VALUES
(16, NULL, NULL, NULL, NULL, NULL, 0, NULL, NULL, NULL, NULL, 12, 1, 7),
(17, NULL, NULL, NULL, NULL, NULL, 0, NULL, NULL, NULL, NULL, 12, 2, 7),
(18, 'catatan ortu', 'A', 'A', 'A', 'pernyataan', 0, NULL, 0, 1, 1, 10, 4, 7);

-- --------------------------------------------------------

--
-- Struktur dari tabel `sekolah`
--

CREATE TABLE IF NOT EXISTS `sekolah` (
  `id` varchar(7) NOT NULL,
  `alamat` varchar(50) DEFAULT NULL,
  `kabupaten` varchar(20) DEFAULT NULL,
  `kecamatan` varchar(20) DEFAULT NULL,
  `nama` varchar(32) DEFAULT NULL,
  `nss` varchar(32) DEFAULT NULL,
  `provinsi` varchar(20) DEFAULT NULL,
  `id_guru_kepsek` int(10) DEFAULT NULL,
  PRIMARY KEY (`id`),
  KEY `FKD916967DFAB6A0A4` (`id_guru_kepsek`)
) ENGINE=InnoDB DEFAULT CHARSET=latin1;

--
-- Dumping data untuk tabel `sekolah`
--


-- --------------------------------------------------------

--
-- Struktur dari tabel `semester`
--

CREATE TABLE IF NOT EXISTS `semester` (
  `id` int(10) NOT NULL AUTO_INCREMENT,
  `semester` varchar(6) DEFAULT NULL,
  PRIMARY KEY (`id`)
) ENGINE=InnoDB  DEFAULT CHARSET=latin1 AUTO_INCREMENT=3 ;

--
-- Dumping data untuk tabel `semester`
--

INSERT INTO `semester` (`id`, `semester`) VALUES
(1, 'I'),
(2, 'II');

-- --------------------------------------------------------

--
-- Struktur dari tabel `sentitems`
--

CREATE TABLE IF NOT EXISTS `sentitems` (
  `UpdatedInDB` timestamp NOT NULL DEFAULT CURRENT_TIMESTAMP ON UPDATE CURRENT_TIMESTAMP,
  `InsertIntoDB` timestamp NOT NULL DEFAULT '0000-00-00 00:00:00',
  `SendingDateTime` timestamp NOT NULL DEFAULT '0000-00-00 00:00:00',
  `DeliveryDateTime` timestamp NULL DEFAULT NULL,
  `Text` text NOT NULL,
  `DestinationNumber` varchar(20) NOT NULL DEFAULT '',
  `Coding` enum('Default_No_Compression','Unicode_No_Compression','8bit','Default_Compression','Unicode_Compression') NOT NULL DEFAULT 'Default_No_Compression',
  `UDH` text NOT NULL,
  `SMSCNumber` varchar(20) NOT NULL DEFAULT '',
  `Class` int(11) NOT NULL DEFAULT '-1',
  `TextDecoded` text NOT NULL,
  `ID` int(10) unsigned NOT NULL DEFAULT '0',
  `SenderID` varchar(255) NOT NULL,
  `SequencePosition` int(11) NOT NULL DEFAULT '1',
  `Status` enum('SendingOK','SendingOKNoReport','SendingError','DeliveryOK','DeliveryFailed','DeliveryPending','DeliveryUnknown','Error') NOT NULL DEFAULT 'SendingOK',
  `StatusError` int(11) NOT NULL DEFAULT '-1',
  `TPMR` int(11) NOT NULL DEFAULT '-1',
  `RelativeValidity` int(11) NOT NULL DEFAULT '-1',
  `CreatorID` text NOT NULL,
  PRIMARY KEY (`ID`,`SequencePosition`),
  KEY `sentitems_date` (`DeliveryDateTime`),
  KEY `sentitems_tpmr` (`TPMR`),
  KEY `sentitems_dest` (`DestinationNumber`),
  KEY `sentitems_sender` (`SenderID`)
) ENGINE=MyISAM DEFAULT CHARSET=utf8;

--
-- Dumping data untuk tabel `sentitems`
--

INSERT INTO `sentitems` (`UpdatedInDB`, `InsertIntoDB`, `SendingDateTime`, `DeliveryDateTime`, `Text`, `DestinationNumber`, `Coding`, `UDH`, `SMSCNumber`, `Class`, `TextDecoded`, `ID`, `SenderID`, `SequencePosition`, `Status`, `StatusError`, `TPMR`, `RelativeValidity`, `CreatorID`) VALUES
('2013-03-15 06:43:24', '2013-03-15 06:42:32', '2013-03-15 06:43:24', NULL, '0053006C006D0074002000460065006E00640069002000540072006900200043006100680079006F006E006F002C00200042006C006E00200069006E006900200061006E006400610020006D0065006E00640061007000610074006B0061006E002000520070002E0020003600310035002E003600300030002C002000750074006B002000750061006E00670020006D0061006B0061006E00200050004E0053002C002000640061006E002000520070002E00200030002000750074006B002000750061006E00670020006C0065006D0062007500720020007300690073006100200063007500740069002000790061006E00670020006200690073006100200064006900670075006E0061', '085726457243', 'Default_No_Compression', '', '+6289644000001', -1, 'Slmt Fendi Tri Cahyono, Bln ini anda mendapatkan Rp. 615.600, utk uang makan PNS, dan Rp. 0 utk uang lembur sisa cuti yang bisa diguna', 2, 'phone1', 1, 'SendingOKNoReport', -1, 127, 255, 'Gammu 1.32.0'),
('2013-03-15 06:44:04', '2013-03-15 06:43:44', '2013-03-15 06:44:04', NULL, '0061006D00690069', '085726457243', 'Default_No_Compression', '', '+6289644000001', -1, 'amii', 3, 'phone1', 1, 'SendingOKNoReport', -1, 128, 255, 'Gammu 1.32.0'),
('2013-03-15 06:44:08', '2013-03-15 06:42:31', '2013-03-15 06:44:08', NULL, '0053006C006D0074002000460065006E00640069002000540072006900200043006100680079006F006E006F002C00200042006C006E00200069006E006900200061006E006400610020006D0065006E00640061007000610074006B0061006E002000520070002E0020003600310035002E003600300030002C002000750074006B002000750061006E00670020006D0061006B0061006E00200050004E0053002C002000640061006E002000520070002E00200030002000750074006B002000750061006E00670020006C0065006D0062007500720020007300690073006100200063007500740069002000790061006E00670020006200690073006100200064006900670075006E0061', '085726457243', 'Default_No_Compression', '', '+6289644000001', -1, 'Slmt Fendi Tri Cahyono, Bln ini anda mendapatkan Rp. 615.600, utk uang makan PNS, dan Rp. 0 utk uang lembur sisa cuti yang bisa diguna', 1, 'phone1', 1, 'SendingOKNoReport', -1, 129, 255, 'Gammu 1.32.0'),
('2013-03-15 06:44:17', '2013-03-15 06:43:46', '2013-03-15 06:44:17', NULL, '0061006D00690069', '085726457243', 'Default_No_Compression', '', '+6289644000001', -1, 'amii', 4, 'phone1', 1, 'SendingOKNoReport', -1, 130, 255, 'Gammu 1.32.0'),
('2013-03-15 07:02:58', '2013-03-15 07:02:20', '2013-03-15 07:02:58', NULL, '0041006200730065006E00200053006900730077006100200041007A0069007A00690020004B0068006F00720075006C002000480061007100200062006C006E0020004D0061007200650074', '+6285726457243', 'Default_No_Compression', '', '+6289644000001', -1, 'Absen Siswa Azizi Khorul Haq bln Maret', 5, 'phone1', 1, 'SendingOKNoReport', -1, 131, 255, 'Gammu 1.32.0'),
('2013-03-15 07:03:07', '2013-03-15 07:02:21', '2013-03-15 07:03:07', NULL, '0041006200730065006E00200053006900730077006100200041007A0069007A00690020004B0068006F00720075006C002000480061007100200062006C006E0020004D0061007200650074', '+6285726457243', 'Default_No_Compression', '', '+6289644000001', -1, 'Absen Siswa Azizi Khorul Haq bln Maret', 6, 'phone1', 1, 'SendingOKNoReport', -1, 132, 255, 'Gammu 1.32.0'),
('2013-03-15 07:04:13', '2013-03-15 07:03:40', '2013-03-15 07:04:13', NULL, '0041006200730065006E00200053006900730077006100200041007A0069007A00690020004B0068006F00720075006C002000480061007100200062006C006E0020004D0061007200650074002C00200069006A0069006E003A00200031002C00200061006C007000680061003A00200030', '+6285726457243', 'Default_No_Compression', '', '+6289644000001', -1, 'Absen Siswa Azizi Khorul Haq bln Maret, ijin: 1, alpha: 0', 7, 'phone1', 1, 'SendingOKNoReport', -1, 133, 255, 'Gammu 1.32.0'),
('2013-03-15 07:04:18', '2013-03-15 07:03:42', '2013-03-15 07:04:18', NULL, '0041006200730065006E00200053006900730077006100200041007A0069007A00690020004B0068006F00720075006C002000480061007100200062006C006E0020004D0061007200650074002C00200069006A0069006E003A00200031002C00200061006C007000680061003A00200030', '+6285726457243', 'Default_No_Compression', '', '+6289644000001', -1, 'Absen Siswa Azizi Khorul Haq bln Maret, ijin: 1, alpha: 0', 8, 'phone1', 1, 'SendingOKNoReport', -1, 134, 255, 'Gammu 1.32.0'),
('2013-03-15 07:05:53', '2013-03-15 07:05:26', '2013-03-15 07:05:53', NULL, '0041006200730065006E00200053006900730077006100200041007A0069007A00690020004B0068006F00720075006C002000480061007100200062006C006E0020004D0061007200650074002C0049003A0031002C0041003A0030002C0053003A0030', '+6285726457243', 'Default_No_Compression', '', '+6289644000001', -1, 'Absen Siswa Azizi Khorul Haq bln Maret,I:1,A:0,S:0', 9, 'phone1', 1, 'SendingOKNoReport', -1, 135, 255, 'Gammu 1.32.0'),
('2013-03-15 07:05:57', '2013-03-15 07:05:27', '2013-03-15 07:05:57', NULL, '0041006200730065006E00200053006900730077006100200041007A0069007A00690020004B0068006F00720075006C002000480061007100200062006C006E0020004D0061007200650074002C0049003A0031002C0041003A0030002C0053003A0030', '+6285726457243', 'Default_No_Compression', '', '+6289644000001', -1, 'Absen Siswa Azizi Khorul Haq bln Maret,I:1,A:0,S:0', 10, 'phone1', 1, 'SendingOKNoReport', -1, 136, 255, 'Gammu 1.32.0'),
('2013-03-15 07:10:33', '2013-03-15 07:10:18', '2013-03-15 07:10:33', NULL, '0041006200730065006E00200053006900730077006100200041007A0069007A00690020004B0068006F00720075006C002000480061007100200062006C006E0020004D0061007200650074002C0049003A0031002C0041003A0030002C0053003A0030', '+6285726457243', 'Default_No_Compression', '', '+6289644000001', -1, 'Absen Siswa Azizi Khorul Haq bln Maret,I:1,A:0,S:0', 11, 'phone1', 1, 'SendingOKNoReport', -1, 137, 255, 'Gammu 1.32.0'),
('2013-03-15 07:10:43', '2013-03-15 07:10:19', '2013-03-15 07:10:43', NULL, '0041006200730065006E002000530069007300770061002000200054004100200032003000310032002F0032003000310033002C0049003A002C0041003A002C0053003A', '+6285726457243', 'Default_No_Compression', '', '+6289644000001', -1, 'Absen Siswa  TA 2012/2013,I:,A:,S:', 12, 'phone1', 1, 'SendingOKNoReport', -1, 138, 255, 'Gammu 1.32.0'),
('2013-03-15 07:10:53', '2013-03-15 07:10:20', '2013-03-15 07:10:53', NULL, '0041006200730065006E00200053006900730077006100200041007A0069007A00690020004B0068006F00720075006C002000480061007100200062006C006E0020004D0061007200650074002C0049003A0031002C0041003A0030002C0053003A0030', '+6285726457243', 'Default_No_Compression', '', '+6289644000001', -1, 'Absen Siswa Azizi Khorul Haq bln Maret,I:1,A:0,S:0', 13, 'phone1', 1, 'SendingOKNoReport', -1, 139, 255, 'Gammu 1.32.0'),
('2013-03-15 07:11:03', '2013-03-15 07:10:21', '2013-03-15 07:11:03', NULL, '0041006200730065006E002000530069007300770061002000200054004100200032003000310032002F0032003000310033002C0049003A002C0041003A002C0053003A', '+6285726457243', 'Default_No_Compression', '', '+6289644000001', -1, 'Absen Siswa  TA 2012/2013,I:,A:,S:', 14, 'phone1', 1, 'SendingOKNoReport', -1, 140, 255, 'Gammu 1.32.0'),
('2013-03-15 07:13:15', '2013-03-15 07:12:53', '2013-03-15 07:13:15', NULL, '0041006200730065006E00200053006900730077006100200041007A0069007A00690020004B0068006F00720075006C002000480061007100200054004100200032003000310032002F0032003000310033002C0049003A0031002C0041003A0030002C0053003A0031', '+6285726457243', 'Default_No_Compression', '', '+6289644000001', -1, 'Absen Siswa Azizi Khorul Haq TA 2012/2013,I:1,A:0,S:1', 15, 'phone1', 1, 'SendingOKNoReport', -1, 141, 255, 'Gammu 1.32.0'),
('2013-03-15 07:13:19', '2013-03-15 07:12:54', '2013-03-15 07:13:19', NULL, '0041006200730065006E00200053006900730077006100200041007A0069007A00690020004B0068006F00720075006C002000480061007100200054004100200032003000310032002F0032003000310033002C0049003A0031002C0041003A0030002C0053003A0031', '+6285726457243', 'Default_No_Compression', '', '+6289644000001', -1, 'Absen Siswa Azizi Khorul Haq TA 2012/2013,I:1,A:0,S:1', 16, 'phone1', 1, 'SendingOKNoReport', -1, 142, 255, 'Gammu 1.32.0'),
('2013-03-15 07:15:25', '2013-03-15 07:14:53', '2013-03-15 07:15:25', NULL, '0041006200730065006E00200053006900730077006100200041007A0069007A00690020004B0068006F00720075006C002000480061007100200054004100200032003000310032002F0032003000310033002C0049003A0031002C0041003A0030002C0053003A0031', '+6285726457243', 'Default_No_Compression', '', '+6289644000001', -1, 'Absen Siswa Azizi Khorul Haq TA 2012/2013,I:1,A:0,S:1', 17, 'phone1', 1, 'SendingOKNoReport', -1, 143, 255, 'Gammu 1.32.0'),
('2013-03-15 07:15:34', '2013-03-15 07:14:54', '2013-03-15 07:15:34', NULL, '004E0049005300200073006900730077006100200074006900640061006B00200064006900740065006D0075006B0061006E', '+6285726457243', 'Default_No_Compression', '', '+6289644000001', -1, 'NIS siswa tidak ditemukan', 18, 'phone1', 1, 'SendingOKNoReport', -1, 144, 255, 'Gammu 1.32.0'),
('2013-03-15 07:15:38', '2013-03-15 07:14:56', '2013-03-15 07:15:38', NULL, '0041006200730065006E00200053006900730077006100200041007A0069007A00690020004B0068006F00720075006C002000480061007100200054004100200032003000310032002F0032003000310033002C0049003A0031002C0041003A0030002C0053003A0031', '+6285726457243', 'Default_No_Compression', '', '+6289644000001', -1, 'Absen Siswa Azizi Khorul Haq TA 2012/2013,I:1,A:0,S:1', 19, 'phone1', 1, 'SendingOKNoReport', -1, 145, 255, 'Gammu 1.32.0'),
('2013-03-15 07:15:42', '2013-03-15 07:14:57', '2013-03-15 07:15:42', NULL, '004E0049005300200073006900730077006100200074006900640061006B00200064006900740065006D0075006B0061006E', '+6285726457243', 'Default_No_Compression', '', '+6289644000001', -1, 'NIS siswa tidak ditemukan', 20, 'phone1', 1, 'SendingOKNoReport', -1, 146, 255, 'Gammu 1.32.0'),
('2013-03-15 07:15:52', '2013-03-15 07:15:28', '2013-03-15 07:15:52', NULL, '0041006200730065006E00200053006900730077006100200041007A0069007A00690020004B0068006F00720075006C002000480061007100200054004100200032003000310032002F0032003000310033002C0049003A0031002C0041003A0030002C0053003A0031', '+6285726457243', 'Default_No_Compression', '', '+6289644000001', -1, 'Absen Siswa Azizi Khorul Haq TA 2012/2013,I:1,A:0,S:1', 21, 'phone1', 1, 'SendingOKNoReport', -1, 147, 255, 'Gammu 1.32.0'),
('2013-03-15 07:15:56', '2013-03-15 07:15:29', '2013-03-15 07:15:56', NULL, '004E00490053002000740067006700200073006900730077006100200074006900640061006B00200064006900740065006D0075006B0061006E', '+6285726457243', 'Default_No_Compression', '', '+6289644000001', -1, 'NIS tgg siswa tidak ditemukan', 22, 'phone1', 1, 'SendingOKNoReport', -1, 148, 255, 'Gammu 1.32.0'),
('2013-03-15 07:16:00', '2013-03-15 07:15:30', '2013-03-15 07:16:00', NULL, '0041006200730065006E00200053006900730077006100200041007A0069007A00690020004B0068006F00720075006C002000480061007100200054004100200032003000310032002F0032003000310033002C0049003A0031002C0041003A0030002C0053003A0031', '+6285726457243', 'Default_No_Compression', '', '+6289644000001', -1, 'Absen Siswa Azizi Khorul Haq TA 2012/2013,I:1,A:0,S:1', 23, 'phone1', 1, 'SendingOKNoReport', -1, 149, 255, 'Gammu 1.32.0'),
('2013-03-15 07:16:09', '2013-03-15 07:15:31', '2013-03-15 07:16:09', NULL, '004E00490053002000740067006700200073006900730077006100200074006900640061006B00200064006900740065006D0075006B0061006E', '+6285726457243', 'Default_No_Compression', '', '+6289644000001', -1, 'NIS tgg siswa tidak ditemukan', 24, 'phone1', 1, 'SendingOKNoReport', -1, 150, 255, 'Gammu 1.32.0'),
('2013-03-15 07:19:30', '2013-03-15 07:19:08', '2013-03-15 07:19:30', NULL, '0041006200730065006E00200053006900730077006100200041007A0069007A00690020004B0068006F00720075006C002000480061007100200054004100200032003000310032002F0032003000310033002C0049003A0031002C0041003A0030002C0053003A0031', '+6285726457243', 'Default_No_Compression', '', '+6289644000001', -1, 'Absen Siswa Azizi Khorul Haq TA 2012/2013,I:1,A:0,S:1', 25, 'phone1', 1, 'SendingOKNoReport', -1, 151, 255, 'Gammu 1.32.0'),
('2013-03-15 07:19:35', '2013-03-15 07:19:09', '2013-03-15 07:19:35', NULL, '0041006200730065006E00200053006900730077006100200041007A0069007A00690020004B0068006F00720075006C002000480061007100200054004100200032003000310032002F0032003000310033002C0049003A0031002C0041003A0030002C0053003A0031', '+6285726457243', 'Default_No_Compression', '', '+6289644000001', -1, 'Absen Siswa Azizi Khorul Haq TA 2012/2013,I:1,A:0,S:1', 26, 'phone1', 1, 'SendingOKNoReport', -1, 152, 255, 'Gammu 1.32.0'),
('2013-03-15 07:19:45', '2013-03-15 07:19:22', '2013-03-15 07:19:45', NULL, '0041006200730065006E00200053006900730077006100200041007A0069007A00690020004B0068006F00720075006C002000480061007100200054004100200032003000310032002F0032003000310033002C0049003A0031002C0041003A0030002C0053003A0031', '+6285726457243', 'Default_No_Compression', '', '+6289644000001', -1, 'Absen Siswa Azizi Khorul Haq TA 2012/2013,I:1,A:0,S:1', 27, 'phone1', 1, 'SendingOKNoReport', -1, 153, 255, 'Gammu 1.32.0'),
('2013-03-15 07:19:55', '2013-03-15 07:19:23', '2013-03-15 07:19:55', NULL, '004E00490053002000740067006700200073006900730077006100200074006900640061006B00200064006900740065006D0075006B0061006E', '+6285726457243', 'Default_No_Compression', '', '+6289644000001', -1, 'NIS tgg siswa tidak ditemukan', 28, 'phone1', 1, 'SendingOKNoReport', -1, 154, 255, 'Gammu 1.32.0'),
('2013-03-15 07:20:05', '2013-03-15 07:19:24', '2013-03-15 07:20:05', NULL, '0066006F0072006D0061007400200073006D007300200074006900640061006B00200064006900740065006D0075006B0061006E', '+6285726457243', 'Default_No_Compression', '', '+6289644000001', -1, 'format sms tidak ditemukan', 29, 'phone1', 1, 'SendingOKNoReport', -1, 155, 255, 'Gammu 1.32.0'),
('2013-03-16 09:06:33', '2013-03-16 09:06:21', '2013-03-16 09:06:33', NULL, '0066006F0072006D0061007400200073006D007300200074006900640061006B00200064006900740065006D0075006B0061006E', '+6285726457243', 'Default_No_Compression', '', '+6289644000001', -1, 'format sms tidak ditemukan', 30, 'phone1', 1, 'SendingOKNoReport', -1, 175, 255, 'Gammu 1.32.0'),
('2013-03-16 09:09:08', '2013-03-16 09:09:04', '2013-03-16 09:09:08', NULL, '0041006200730065006E00200053006900730077006100200041007A0069007A00690020004B0068006F00720075006C002000480061007100200054004100200032003000310032002F0032003000310033002C0049003A0031002C0041003A0030002C0053003A0031', '+6285726457243', 'Default_No_Compression', '', '+6289644000001', -1, 'Absen Siswa Azizi Khorul Haq TA 2012/2013,I:1,A:0,S:1', 31, 'phone1', 1, 'SendingOKNoReport', -1, 176, 255, 'Gammu 1.32.0'),
('2013-03-16 09:10:13', '2013-03-16 09:09:53', '2013-03-16 09:10:13', NULL, '0041006200730065006E00200053006900730077006100200041007A0069007A00690020004B0068006F00720075006C002000480061007100200062006C006E0020004D0061007200650074002C0049003A0031002C0041003A0030002C0053003A0030', '+6285726457243', 'Default_No_Compression', '', '+6289644000001', -1, 'Absen Siswa Azizi Khorul Haq bln Maret,I:1,A:0,S:0', 32, 'phone1', 1, 'SendingOKNoReport', -1, 177, 255, 'Gammu 1.32.0'),
('2013-03-16 15:09:54', '2013-03-16 15:09:34', '2013-03-16 15:09:54', NULL, '0041006200730065006E00200053006900730077006100200041007A0069007A00690020004B0068006F00720075006C002000480061007100200054004100200032003000310032002F0032003000310033002C0049003A0031002C0041003A0030002C0053003A0031', '+6285233903622', 'Default_No_Compression', '', '+6281100000', -1, 'Absen Siswa Azizi Khorul Haq TA 2012/2013,I:1,A:0,S:1', 33, 'phone1', 1, 'SendingOKNoReport', -1, 87, 255, 'Gammu 1.32.0');

--
-- Trigger `sentitems`
--
DROP TRIGGER IF EXISTS `sentitems_timestamp`;
DELIMITER //
CREATE TRIGGER `sentitems_timestamp` BEFORE INSERT ON `sentitems`
 FOR EACH ROW BEGIN
    IF NEW.InsertIntoDB = '0000-00-00 00:00:00' THEN
        SET NEW.InsertIntoDB = CURRENT_TIMESTAMP();
    END IF;
    IF NEW.SendingDateTime = '0000-00-00 00:00:00' THEN
        SET NEW.SendingDateTime = CURRENT_TIMESTAMP();
    END IF;
END
//
DELIMITER ;

-- --------------------------------------------------------

--
-- Struktur dari tabel `siswa`
--

CREATE TABLE IF NOT EXISTS `siswa` (
  `id` int(10) NOT NULL AUTO_INCREMENT,
  `nis` varchar(13) NOT NULL,
  `nama` varchar(32) NOT NULL,
  `jenis_kelamin` varchar(1) NOT NULL,
  `tanggal_lahir` date DEFAULT NULL,
  `tempat_lahir` varchar(32) DEFAULT NULL,
  `alamat_siswa` varchar(50) DEFAULT NULL,
  `danem` decimal(10,2) NOT NULL,
  `no_ijazah` varchar(25) DEFAULT NULL,
  `sekolah_asal` varchar(32) DEFAULT NULL,
  `alamat_sekolah_asal` varchar(50) DEFAULT NULL,
  `status` tinyint(1) NOT NULL,
  `tahun_ijazah` varchar(14) DEFAULT NULL,
  `tanggal_diterima` date DEFAULT NULL,
  `id_tingkat_kelas_diterima` int(10) DEFAULT NULL,
  `jurusan_idJurusan` int(10) DEFAULT NULL,
  `id_tahun_ajaran_diterima` int(10) DEFAULT NULL,
  `nama_ayah` varchar(50) DEFAULT NULL,
  `alamat_ayah` varchar(100) DEFAULT NULL,
  `id_pendidikan_ayah` int(11) DEFAULT NULL,
  `pekerjaan_ayah` varchar(50) DEFAULT NULL,
  `penghasilan_ayah` int(11) DEFAULT NULL,
  `nama_ibu` varchar(50) DEFAULT NULL,
  `alamat_ibu` varchar(100) DEFAULT NULL,
  `id_pendidikan_ibu` int(11) DEFAULT NULL,
  `pekerjaan_ibu` varchar(50) DEFAULT NULL,
  `penghasilan_ibu` int(11) DEFAULT NULL,
  `nama_wali` varchar(50) DEFAULT NULL,
  `hubungan_dengan_wali` varchar(100) DEFAULT NULL,
  `alamat_wali` varchar(100) DEFAULT NULL,
  `id_pendidikan_wali` int(11) DEFAULT NULL,
  `pekerjaan_wali` varchar(100) DEFAULT NULL,
  `penghasilan_wali` int(11) DEFAULT NULL,
  `id_agama` int(11) DEFAULT NULL,
  PRIMARY KEY (`id`),
  UNIQUE KEY `nis_siswa` (`nis`),
  UNIQUE KEY `nis` (`nis`),
  KEY `FK4C31847C767B046` (`jurusan_idJurusan`),
  KEY `FK4C31847C29C5F64` (`id_tahun_ajaran_diterima`),
  KEY `FK4C31847DE756BAE` (`id_tingkat_kelas_diterima`),
  KEY `FKsiswa740409` (`id_agama`),
  KEY `id_pendidikan_ayah` (`id_pendidikan_ayah`,`id_pendidikan_ibu`,`id_pendidikan_wali`),
  KEY `id_pendidikan_ibu` (`id_pendidikan_ibu`),
  KEY `id_pendidikan_wali` (`id_pendidikan_wali`)
) ENGINE=InnoDB  DEFAULT CHARSET=latin1 AUTO_INCREMENT=5 ;

--
-- Dumping data untuk tabel `siswa`
--

INSERT INTO `siswa` (`id`, `nis`, `nama`, `jenis_kelamin`, `tanggal_lahir`, `tempat_lahir`, `alamat_siswa`, `danem`, `no_ijazah`, `sekolah_asal`, `alamat_sekolah_asal`, `status`, `tahun_ijazah`, `tanggal_diterima`, `id_tingkat_kelas_diterima`, `jurusan_idJurusan`, `id_tahun_ajaran_diterima`, `nama_ayah`, `alamat_ayah`, `id_pendidikan_ayah`, `pekerjaan_ayah`, `penghasilan_ayah`, `nama_ibu`, `alamat_ibu`, `id_pendidikan_ibu`, `pekerjaan_ibu`, `penghasilan_ibu`, `nama_wali`, `hubungan_dengan_wali`, `alamat_wali`, `id_pendidikan_wali`, `pekerjaan_wali`, `penghasilan_wali`, `id_agama`) VALUES
(1, '0001', 'Fahmi Auliya Tsani', 'L', '2013-01-16', 'Sukoharjo', 'Sukoharjo', 2.50, '10', 'SMA Sukoharjo', 'Sukoharjo', 1, '2012', '2013-01-20', 1, NULL, 7, 'Khoirul Anwar', 'SUkoharjo', 5, 'Hakim', 5000000, 'aslnd', 'lknl', 4, '500000', 5000000, '', '', '', NULL, '', NULL, 1),
(2, '0002', 'Windari Pancawati', 'L', '0000-00-00', 'Sukoharjo', '', 4.00, '', '', '', 1, '', '2013-01-16', 1, NULL, 7, '', '', NULL, '', NULL, '', '', NULL, '', NULL, '', '', '', NULL, '', NULL, 1),
(3, '0003', 'Rizky Indriani', 'L', '0000-00-00', '', '', 2.50, '', '', '', 1, '', '0000-00-00', 2, NULL, 7, '', '', NULL, '', NULL, '', '', NULL, '', NULL, '', '', '', NULL, '', NULL, 1),
(4, '0008', 'Azizi Khorul Haq', 'L', '2013-03-01', 'Sukoharjo', 'Sukoharjo', 4.00, '', '', '', 1, '', '2013-03-07', 1, NULL, 8, '', '', NULL, '', NULL, '', '', NULL, '', NULL, '', '', '', NULL, '', NULL, 1);

-- --------------------------------------------------------

--
-- Struktur dari tabel `tahun_ajaran`
--

CREATE TABLE IF NOT EXISTS `tahun_ajaran` (
  `id` int(10) NOT NULL AUTO_INCREMENT,
  `id_semester` int(10) DEFAULT NULL,
  `tahun_ajaran` varchar(10) DEFAULT NULL,
  `is_aktif` tinyint(1) NOT NULL,
  PRIMARY KEY (`id`),
  KEY `FK5071203B30F77624` (`id_semester`)
) ENGINE=InnoDB  DEFAULT CHARSET=latin1 AUTO_INCREMENT=9 ;

--
-- Dumping data untuk tabel `tahun_ajaran`
--

INSERT INTO `tahun_ajaran` (`id`, `id_semester`, `tahun_ajaran`, `is_aktif`) VALUES
(7, 1, '2012/2013', 1),
(8, 2, '2012/2013', 0);

-- --------------------------------------------------------

--
-- Struktur dari tabel `tata_usaha`
--

CREATE TABLE IF NOT EXISTS `tata_usaha` (
  `id` int(11) NOT NULL AUTO_INCREMENT,
  `id_user` int(11) NOT NULL,
  `nip` varchar(20) NOT NULL,
  `nama` varchar(50) NOT NULL,
  `alamat` varchar(100) NOT NULL,
  `no_telp` varchar(15) NOT NULL,
  `id_pendidikan_terakhir` int(11) NOT NULL,
  `instansi_pendidikan_terakhir` varchar(20) NOT NULL,
  PRIMARY KEY (`id`),
  KEY `id_user` (`id_user`),
  KEY `id_pendidikan_terakhir` (`id_pendidikan_terakhir`)
) ENGINE=InnoDB  DEFAULT CHARSET=latin1 AUTO_INCREMENT=2 ;

--
-- Dumping data untuk tabel `tata_usaha`
--

INSERT INTO `tata_usaha` (`id`, `id_user`, `nip`, `nama`, `alamat`, `no_telp`, `id_pendidikan_terakhir`, `instansi_pendidikan_terakhir`) VALUES
(1, 4, '1001', 'Suparman', 'asdsa', '0873653535', 3, 'SMA 1 Pacitan');

-- --------------------------------------------------------

--
-- Struktur dari tabel `tingkat_kelas`
--

CREATE TABLE IF NOT EXISTS `tingkat_kelas` (
  `id` int(10) NOT NULL AUTO_INCREMENT,
  `nama` varchar(4) NOT NULL,
  PRIMARY KEY (`id`)
) ENGINE=InnoDB  DEFAULT CHARSET=latin1 AUTO_INCREMENT=4 ;

--
-- Dumping data untuk tabel `tingkat_kelas`
--

INSERT INTO `tingkat_kelas` (`id`, `nama`) VALUES
(1, 'I'),
(2, 'II'),
(3, 'III');

-- --------------------------------------------------------

--
-- Struktur dari tabel `user`
--

CREATE TABLE IF NOT EXISTS `user` (
  `id` int(11) NOT NULL AUTO_INCREMENT,
  `username` varchar(32) NOT NULL,
  `password` varchar(32) DEFAULT NULL,
  `status` enum('guru','tu') NOT NULL,
  PRIMARY KEY (`id`),
  UNIQUE KEY `username_user` (`username`)
) ENGINE=InnoDB  DEFAULT CHARSET=latin1 AUTO_INCREMENT=5 ;

--
-- Dumping data untuk tabel `user`
--

INSERT INTO `user` (`id`, `username`, `password`, `status`) VALUES
(1, '001', '1234', 'guru'),
(2, '005', '1234', 'guru'),
(3, '006', '1234', 'guru'),
(4, 'tata_usaha', '1234', 'tu');

--
-- Ketidakleluasaan untuk tabel pelimpahan (Dumped Tables)
--

--
-- Ketidakleluasaan untuk tabel `absen`
--
ALTER TABLE `absen`
  ADD CONSTRAINT `absen_ibfk_1` FOREIGN KEY (`id_tahun_ajaran`) REFERENCES `tahun_ajaran` (`id`);

--
-- Ketidakleluasaan untuk tabel `absen_siswa`
--
ALTER TABLE `absen_siswa`
  ADD CONSTRAINT `absen_siswa_ibfk_2` FOREIGN KEY (`id_rapor`) REFERENCES `rapor` (`id`),
  ADD CONSTRAINT `absen_siswa_ibfk_3` FOREIGN KEY (`id_absen`) REFERENCES `absen` (`id`) ON DELETE CASCADE;

--
-- Ketidakleluasaan untuk tabel `administrator`
--
ALTER TABLE `administrator`
  ADD CONSTRAINT `FKadministra228622` FOREIGN KEY (`id_user`) REFERENCES `user` (`id`);

--
-- Ketidakleluasaan untuk tabel `guru`
--
ALTER TABLE `guru`
  ADD CONSTRAINT `FKguru3226` FOREIGN KEY (`id_agama`) REFERENCES `agama` (`id`),
  ADD CONSTRAINT `guru_ibfk_1` FOREIGN KEY (`id_user`) REFERENCES `user` (`id`),
  ADD CONSTRAINT `guru_ibfk_2` FOREIGN KEY (`id_jenjang_pendidikan`) REFERENCES `jenjang_pendidikan` (`id`);

--
-- Ketidakleluasaan untuk tabel `kategori_mapel`
--
ALTER TABLE `kategori_mapel`
  ADD CONSTRAINT `FK6BF736BD19BB081F` FOREIGN KEY (`id_kurikulum`) REFERENCES `kurikulum` (`id`) ON DELETE NO ACTION ON UPDATE NO ACTION,
  ADD CONSTRAINT `FK6BF736BD4EAE4B98` FOREIGN KEY (`id_kategori_parent`) REFERENCES `kategori_mapel` (`id`) ON DELETE NO ACTION ON UPDATE NO ACTION;

--
-- Ketidakleluasaan untuk tabel `kategori_mapel_ref`
--
ALTER TABLE `kategori_mapel_ref`
  ADD CONSTRAINT `FK28DD703E88DB2322` FOREIGN KEY (`id_mapel`) REFERENCES `mapel` (`id`) ON DELETE NO ACTION ON UPDATE NO ACTION,
  ADD CONSTRAINT `kategori_mapel_ref_ibfk_1` FOREIGN KEY (`id_kurikulum`) REFERENCES `kurikulum` (`id`) ON DELETE NO ACTION ON UPDATE NO ACTION,
  ADD CONSTRAINT `kategori_mapel_ref_ibfk_2` FOREIGN KEY (`id_kategori`) REFERENCES `kategori_mapel` (`id`) ON DELETE CASCADE ON UPDATE NO ACTION;

--
-- Ketidakleluasaan untuk tabel `kelas`
--
ALTER TABLE `kelas`
  ADD CONSTRAINT `FK4506DE430F77624` FOREIGN KEY (`id_semester`) REFERENCES `semester` (`id`) ON DELETE NO ACTION ON UPDATE NO ACTION,
  ADD CONSTRAINT `FK4506DE4A53E543A` FOREIGN KEY (`id_tingkat_kelas`) REFERENCES `tingkat_kelas` (`id`) ON DELETE NO ACTION ON UPDATE NO ACTION,
  ADD CONSTRAINT `FK4506DE4EA545C40` FOREIGN KEY (`id_kurikulum`) REFERENCES `kurikulum` (`id`) ON DELETE NO ACTION ON UPDATE NO ACTION,
  ADD CONSTRAINT `FK4506DE4F69C796E` FOREIGN KEY (`id_jurusan`) REFERENCES `jurusan` (`id`) ON DELETE NO ACTION ON UPDATE NO ACTION;

--
-- Ketidakleluasaan untuk tabel `kelas_aktif`
--
ALTER TABLE `kelas_aktif`
  ADD CONSTRAINT `FKB6C2FCA34447A820` FOREIGN KEY (`id_kelas`) REFERENCES `kelas` (`id`) ON DELETE NO ACTION ON UPDATE NO ACTION,
  ADD CONSTRAINT `FKB6C2FCA362A78BC4` FOREIGN KEY (`id_guru_walikelas`) REFERENCES `guru` (`id`) ON DELETE NO ACTION ON UPDATE NO ACTION,
  ADD CONSTRAINT `FKB6C2FCA37E63A462` FOREIGN KEY (`id_tahun_ajaran`) REFERENCES `tahun_ajaran` (`id`) ON DELETE NO ACTION ON UPDATE NO ACTION,
  ADD CONSTRAINT `FKkelasaktif652984` FOREIGN KEY (`id_kelas_paralel`) REFERENCES `kelas_paralel` (`id`);

--
-- Ketidakleluasaan untuk tabel `mapel_kelas_aktif`
--
ALTER TABLE `mapel_kelas_aktif`
  ADD CONSTRAINT `FK66D3BA00FDF94991` FOREIGN KEY (`id_guru_pengampu`) REFERENCES `guru` (`id`) ON DELETE NO ACTION ON UPDATE NO ACTION,
  ADD CONSTRAINT `mapel_kelas_aktif_ibfk_1` FOREIGN KEY (`id_mapel`) REFERENCES `mapel` (`id`) ON DELETE CASCADE ON UPDATE NO ACTION,
  ADD CONSTRAINT `mapel_kelas_aktif_ibfk_2` FOREIGN KEY (`id_kelas_aktif`) REFERENCES `kelas_aktif` (`id`) ON DELETE CASCADE ON UPDATE NO ACTION;

--
-- Ketidakleluasaan untuk tabel `mapel_kelas_ref`
--
ALTER TABLE `mapel_kelas_ref`
  ADD CONSTRAINT `FK8F1E83D67CAA0E28` FOREIGN KEY (`id_mapel`) REFERENCES `mapel` (`id`) ON DELETE NO ACTION ON UPDATE NO ACTION,
  ADD CONSTRAINT `FK8F1E83D6A775C2C8` FOREIGN KEY (`id_kelas`) REFERENCES `kelas` (`id`) ON DELETE NO ACTION ON UPDATE NO ACTION;

--
-- Ketidakleluasaan untuk tabel `nilai_ekstrakurikuler`
--
ALTER TABLE `nilai_ekstrakurikuler`
  ADD CONSTRAINT `FKFDF42E0C2E42CC3A` FOREIGN KEY (`id_ekstrakurikuler`) REFERENCES `ekstrakurikuler` (`id`) ON DELETE NO ACTION ON UPDATE NO ACTION,
  ADD CONSTRAINT `FKFDF42E0C5852C04B` FOREIGN KEY (`id_rapor`) REFERENCES `rapor` (`id`) ON DELETE NO ACTION ON UPDATE NO ACTION,
  ADD CONSTRAINT `nilai_ekstrakurikuler_ibfk_1` FOREIGN KEY (`id_predikat`) REFERENCES `predikat` (`kd`);

--
-- Ketidakleluasaan untuk tabel `nilai_siswa`
--
ALTER TABLE `nilai_siswa`
  ADD CONSTRAINT `nilai_siswa_ibfk_1` FOREIGN KEY (`id_rapor`) REFERENCES `rapor` (`id`),
  ADD CONSTRAINT `nilai_siswa_ibfk_2` FOREIGN KEY (`id_mapel_kelas_aktif`) REFERENCES `mapel_kelas_aktif` (`id`);

--
-- Ketidakleluasaan untuk tabel `rapor`
--
ALTER TABLE `rapor`
  ADD CONSTRAINT `FK4B151A4119267DA` FOREIGN KEY (`id_kelas_aktif`) REFERENCES `kelas_aktif` (`id`) ON DELETE NO ACTION ON UPDATE NO ACTION,
  ADD CONSTRAINT `FK4B151A47E63A462` FOREIGN KEY (`id_tahun_ajaran`) REFERENCES `tahun_ajaran` (`id`) ON DELETE NO ACTION ON UPDATE NO ACTION,
  ADD CONSTRAINT `FK4B151A49FC9130E` FOREIGN KEY (`id_siswa`) REFERENCES `siswa` (`id`) ON DELETE NO ACTION ON UPDATE NO ACTION,
  ADD CONSTRAINT `rapor_ibfk_1` FOREIGN KEY (`id_predikat_kelakuan`) REFERENCES `predikat` (`kd`),
  ADD CONSTRAINT `rapor_ibfk_2` FOREIGN KEY (`id_predikat_kerajinan`) REFERENCES `predikat` (`kd`),
  ADD CONSTRAINT `rapor_ibfk_3` FOREIGN KEY (`id_predikat_kerapian`) REFERENCES `predikat` (`kd`);

--
-- Ketidakleluasaan untuk tabel `sekolah`
--
ALTER TABLE `sekolah`
  ADD CONSTRAINT `FKD916967DFAB6A0A4` FOREIGN KEY (`id_guru_kepsek`) REFERENCES `guru` (`id`) ON DELETE NO ACTION ON UPDATE NO ACTION;

--
-- Ketidakleluasaan untuk tabel `siswa`
--
ALTER TABLE `siswa`
  ADD CONSTRAINT `FK4C31847C29C5F64` FOREIGN KEY (`id_tahun_ajaran_diterima`) REFERENCES `tahun_ajaran` (`id`) ON DELETE NO ACTION ON UPDATE NO ACTION,
  ADD CONSTRAINT `FK4C31847C767B046` FOREIGN KEY (`jurusan_idJurusan`) REFERENCES `jurusan` (`id`) ON DELETE NO ACTION ON UPDATE NO ACTION,
  ADD CONSTRAINT `FK4C31847DE756BAE` FOREIGN KEY (`id_tingkat_kelas_diterima`) REFERENCES `tingkat_kelas` (`id`) ON DELETE NO ACTION ON UPDATE NO ACTION,
  ADD CONSTRAINT `FKsiswa740409` FOREIGN KEY (`id_agama`) REFERENCES `agama` (`id`),
  ADD CONSTRAINT `siswa_ibfk_4` FOREIGN KEY (`id_pendidikan_ayah`) REFERENCES `jenjang_pendidikan` (`id`),
  ADD CONSTRAINT `siswa_ibfk_5` FOREIGN KEY (`id_pendidikan_ibu`) REFERENCES `jenjang_pendidikan` (`id`),
  ADD CONSTRAINT `siswa_ibfk_6` FOREIGN KEY (`id_pendidikan_wali`) REFERENCES `jenjang_pendidikan` (`id`);

--
-- Ketidakleluasaan untuk tabel `tahun_ajaran`
--
ALTER TABLE `tahun_ajaran`
  ADD CONSTRAINT `FK5071203B30F77624` FOREIGN KEY (`id_semester`) REFERENCES `semester` (`id`) ON DELETE NO ACTION ON UPDATE NO ACTION;

--
-- Ketidakleluasaan untuk tabel `tata_usaha`
--
ALTER TABLE `tata_usaha`
  ADD CONSTRAINT `tata_usaha_ibfk_1` FOREIGN KEY (`id_user`) REFERENCES `user` (`id`),
  ADD CONSTRAINT `tata_usaha_ibfk_2` FOREIGN KEY (`id_pendidikan_terakhir`) REFERENCES `jenjang_pendidikan` (`id`);
